合同序号,交易市场,股东代码,股东姓名,证券代码,证券名称,成交结果,成交价格,成交数量,确认撤单数量,成交金额,全价成交金额,资金发生,成交时间,委托价格,委托数量,债券利息,债券应计利息,委托方式,席位代码,证券类别,交易类型,资金帐号,客户代码,营业部,客户类别,经纪人代码,成交编号,操作柜员,总流水号,业务类型标识说明,履约金,产品集,产品集成交序号,手续费,印花税,清算费,过户费,交易规费,经手费,一级过户费,证管费,风险基金,交易费用,购回金额,购回日期,账户属性,内部交易业务类型,交易序号,RMS TradeID,外部帐号,外部标识,交易币种,交易参考汇率,CE代码,CRM代码,CMIS代码
10016142,深Ａ,SZ00000302,方正证券股份有限公司,2916,深南电路,卖出成交,118.01,100.00 ,0,"11,801.00","11,801.00","11,788.15",2019/7/25 10:39,118.01,100,0,0,柜台,395106,股票,正常买卖,302,302,总公司,自营,99998-默认经纪人,1.02E+14,88213,293184,普通交易卖出,,,,0,11.8,0,0,0,0.57,0.24,0.24,0,12.85,0,,普通帐户,TS,,,,,0,1,,,
10016143,深Ａ,SZ00000302,方正证券股份有限公司,300166,东方国信,卖出成交,11.88,2700.00 ,0,"32,076.00","32,076.00","32,041.08",2019/7/25 10:39,11.88,"2,700",0,0,柜台,395106,创业板,正常买卖,302,302,总公司,自营,99998-默认经纪人,1.03E+14,88213,293187,普通交易卖出,,,,0,32.08,0,0,0,1.56,0.64,0.64,0,34.92,0,,普通帐户,TS,,,,,0,1,,,
10016170,深Ａ,SZ00000302,方正证券股份有限公司,568,泸州老窖,卖出成交,80,100.00 ,0,"8,000.00","8,000.00","7,991.29",2019/7/25 10:39,80,400,0,0,柜台,395106,股票,正常买卖,302,302,总公司,自营,99998-默认经纪人,1.03E+14,88213,190235,普通交易卖出,,,,0,8,0,0,0,0.39,0.16,0.16,0,8.71,0,,普通帐户,TS,,,,,0,1,,,
1000081666,沪Ａ,SH00000302,方正证券股份有限公司,600519,贵州茅台,卖出成交,944,100.00 ,0,"94,400.00","94,400.00","94,297.22",2019/7/25 10:39,943.99,100,0,0,柜台,28450,股票,正常买卖,302,302,总公司,自营,99998-默认经纪人,4766227,88213,190239,普通交易卖出,,6月6日,15500,0,94.4,0,0,0,4.6,1.89,1.89,0,102.78,0,,普通帐户,TS,,,,,0,1,,,
10016170,深Ａ,SZ00000302,方正证券股份有限公司,568,泸州老窖,卖出成交,80,300.00 ,0,"24,000.00","24,000.00","23,973.87",2019/7/25 10:39,80,400,0,0,柜台,395106,股票,正常买卖,302,302,总公司,自营,99998-默认经纪人,1.03E+14,88213,293195,普通交易卖出,,,,0,24,0,0,0,1.17,0.48,0.48,0,26.13,0,,普通帐户,TS,,,,,0,1,,,
1000081697,沪Ａ,SH00000302,方正证券股份有限公司,600340,华夏幸福,卖出成交,30.75,1100.00 ,0,"33,825.00","33,825.00","33,788.16",2019/7/25 10:39,30.75,"1,500",0,0,柜台,28450,股票,正常买卖,302,302,总公司,自营,99998-默认经纪人,4766245,88213,293200,普通交易卖出,,3月3日,14800,0,33.83,0,0,0,1.65,0.68,0.68,0,36.84,0,,普通帐户,TS,,,,,0,1,,,
1000081692,沪Ａ,SH00000302,方正证券股份有限公司,600645,中源协和,卖出成交,16.06,100.00 ,0,"1,606.00","1,606.00","1,604.25",2019/7/25 10:39,16.06,700,0,0,柜台,28450,股票,正常买卖,302,302,总公司,自营,99998-默认经纪人,4766277,88213,293202,普通交易卖出,,3月3日,14810,0,1.61,0,0,0,0.08,0.03,0.03,0,1.75,0,,普通帐户,TS,,,,,0,1,,,
10016167,深Ａ,SZ00000302,方正证券股份有限公司,2527,新时达,卖出成交,4.99,3300.00 ,0,"16,467.00","16,467.00","16,449.07",2019/7/25 10:39,4.99,"3,300",0,0,柜台,395106,股票,正常买卖,302,302,总公司,自营,99998-默认经纪人,1.04E+14,88213,293204,普通交易卖出,,,,0,16.47,0,0,0,0.8,0.33,0.33,0,17.93,0,,普通帐户,TS,,,,,0,1,,,
10016136,深Ａ,SZ00000302,方正证券股份有限公司,2812,恩捷股份,卖出成交,32.56,800.00 ,0,"26,048.00","26,048.00","26,019.64",2019/7/25 10:39,32.56,800,0,0,柜台,395106,股票,正常买卖,302,302,总公司,自营,99998-默认经纪人,1.02E+14,88213,190245,普通交易卖出,,,,0,26.05,0,0,0,1.27,0.52,0.52,0,28.36,0,,普通帐户,TS,,,,,0,1,,,
10016109,深Ａ,SZ00000302,方正证券股份有限公司,300418,昆仑万维,卖出成交,12.98,100.00 ,0,"1,298.00","1,298.00","1,296.58",2019/7/25 10:39,12.98,"2,700",0,0,柜台,395106,创业板,正常买卖,302,302,总公司,自营,99998-默认经纪人,1.02E+14,88213,190251,普通交易卖出,,,,0,1.3,0,0,0,0.06,0.03,0.03,0,1.42,0,,普通帐户,TS,,,,,0,1,,,
10016113,深Ａ,SZ00000302,方正证券股份有限公司,300257,开山股份,卖出成交,10.48,100.00 ,0,"1,048.00","1,048.00","1,046.86",2019/7/25 10:39,10.48,"1,600",0,0,柜台,395106,创业板,正常买卖,302,302,总公司,自营,99998-默认经纪人,1.01E+14,88213,190253,普通交易卖出,,,,0,1.05,0,0,0,0.05,0.02,0.02,0,1.14,0,,普通帐户,TS,,,,,0,1,,,
1000081667,沪Ａ,SH00000302,方正证券股份有限公司,601318,中国平安,卖出成交,88.96,300.00 ,0,"26,688.00","26,688.00","26,658.95",2019/7/25 10:39,88.96,300,0,0,柜台,28450,股票,正常买卖,302,302,总公司,自营,99998-默认经纪人,4767610,88213,190255,普通交易卖出,,5月5日,21500,0,26.69,0,0,0,1.3,0.53,0.53,0,29.05,0,,普通帐户,TS,,,,,0,1,,,
10016109,深Ａ,SZ00000302,方正证券股份有限公司,300418,昆仑万维,卖出成交,12.98,100.00 ,0,"1,298.00","1,298.00","1,296.58",2019/7/25 10:39,12.98,"2,700",0,0,柜台,395106,创业板,正常买卖,302,302,总公司,自营,99998-默认经纪人,1.02E+14,88213,190257,普通交易卖出,,,,0,1.3,0,0,0,0.06,0.03,0.03,0,1.42,0,,普通帐户,TS,,,,,0,1,,,
10016113,深Ａ,SZ00000302,方正证券股份有限公司,300257,开山股份,卖出成交,10.48,100.00 ,0,"1,048.00","1,048.00","1,046.86",2019/7/25 10:39,10.48,"1,600",0,0,柜台,395106,创业板,正常买卖,302,302,总公司,自营,99998-默认经纪人,1.01E+14,88213,190259,普通交易卖出,,,,0,1.05,0,0,0,0.05,0.02,0.02,0,1.14,0,,普通帐户,TS,,,,,0,1,,,
10016113,深Ａ,SZ00000302,方正证券股份有限公司,300257,开山股份,卖出成交,10.48,500.00 ,0,"5,240.00","5,240.00","5,234.30",2019/7/25 10:39,10.48,"1,600",0,0,柜台,395106,创业板,正常买卖,302,302,总公司,自营,99998-默认经纪人,1.01E+14,88213,293253,普通交易卖出,,,,0,5.24,0,0,0,0.26,0.1,0.1,0,5.7,0,,普通帐户,TS,,,,,0,1,,,
10016113,深Ａ,SZ00000302,方正证券股份有限公司,300257,开山股份,卖出成交,10.48,100.00 ,0,"1,048.00","1,048.00","1,046.86",2019/7/25 10:39,10.48,"1,600",0,0,柜台,395106,创业板,正常买卖,302,302,总公司,自营,99998-默认经纪人,1.01E+14,88213,293255,普通交易卖出,,,,0,1.05,0,0,0,0.05,0.02,0.02,0,1.14,0,,普通帐户,TS,,,,,0,1,,,
10016197,深Ａ,SZ00000302,方正证券股份有限公司,2463,沪电股份,卖出成交,15.96,400.00 ,0,"6,384.00","6,384.00","6,377.05",2019/7/25 10:39,15.96,600,0,0,柜台,395106,股票,正常买卖,302,302,总公司,自营,99998-默认经纪人,1.03E+14,88213,293274,普通交易卖出,,,,0,6.38,0,0,0,0.31,0.13,0.13,0,6.95,0,,普通帐户,TS,,,,,0,1,,,
10016197,深Ａ,SZ00000302,方正证券股份有限公司,2463,沪电股份,卖出成交,15.96,200.00 ,0,"3,192.00","3,192.00","3,188.53",2019/7/25 10:39,15.96,600,0,0,柜台,395106,股票,正常买卖,302,302,总公司,自营,99998-默认经纪人,1.03E+14,88213,190264,普通交易卖出,,,,0,3.19,0,0,0,0.16,0.06,0.06,0,3.47,0,,普通帐户,TS,,,,,0,1,,,
10016145,深Ａ,SZ00000302,方正证券股份有限公司,300207,欣旺达,卖出成交,12.04,2100.00 ,0,"25,284.00","25,284.00","25,256.47",2019/7/25 10:39,12.04,"2,200",0,0,柜台,395106,创业板,正常买卖,302,302,总公司,自营,99998-默认经纪人,1.04E+14,88213,190266,普通交易卖出,,,,0,25.28,0,0,0,1.23,0.51,0.51,0,27.53,0,,普通帐户,TS,,,,,0,1,,,
10016162,深Ａ,SZ00000302,方正证券股份有限公司,2524,光正集团,卖出成交,5,1900.00 ,0,"9,500.00","9,500.00","9,489.66",2019/7/25 10:39,5,"1,900",0,0,柜台,395106,股票,正常买卖,302,302,总公司,自营,99998-默认经纪人,1.01E+14,88213,190269,普通交易卖出,,,,0,9.5,0,0,0,0.46,0.19,0.19,0,10.34,0,,普通帐户,TS,,,,,0,1,,,
1000081692,沪Ａ,SH00000302,方正证券股份有限公司,600645,中源协和,卖出成交,16.06,300.00 ,0,"4,818.00","4,818.00","4,812.75",2019/7/25 10:39,16.06,700,0,0,柜台,28450,股票,正常买卖,302,302,总公司,自营,99998-默认经纪人,4768083,88213,190271,普通交易卖出,,3月3日,14820,0,4.82,0,0,0,0.23,0.1,0.1,0,5.25,0,,普通帐户,TS,,,,,0,1,,,
1000081692,沪Ａ,SH00000302,方正证券股份有限公司,600645,中源协和,卖出成交,16.06,100.00 ,0,"1,606.00","1,606.00","1,604.25",2019/7/25 10:39,16.06,700,0,0,柜台,28450,股票,正常买卖,302,302,总公司,自营,99998-默认经纪人,4768106,88213,190272,普通交易卖出,,3月3日,14830,0,1.61,0,0,0,0.08,0.03,0.03,0,1.75,0,,普通帐户,TS,,,,,0,1,,,
10016193,深Ａ,SZ00000302,方正证券股份有限公司,2458,益生股份,卖出成交,26.67,2500.00 ,0,"66,675.00","66,675.00","66,602.41",2019/7/25 10:39,26.67,"2,800",0,0,柜台,395106,股票,正常买卖,302,302,总公司,自营,99998-默认经纪人,1.04E+14,88213,293298,普通交易卖出,,,,0,66.68,0,0,0,3.25,1.33,1.33,0,72.59,0,,普通帐户,TS,,,,,0,1,,,
1000081692,沪Ａ,SH00000302,方正证券股份有限公司,600645,中源协和,卖出成交,16.06,200.00 ,0,"3,212.00","3,212.00","3,208.51",2019/7/25 10:39,16.06,700,0,0,柜台,28450,股票,正常买卖,302,302,总公司,自营,99998-默认经纪人,4768107,88213,293300,普通交易卖出,,3月3日,14840,0,3.21,0,0,0,0.16,0.06,0.06,0,3.49,0,,普通帐户,TS,,,,,0,1,,,
1000081698,沪Ａ,SH00000302,方正证券股份有限公司,600675,中华企业,卖出成交,5.12,200.00 ,0,"1,024.00","1,024.00","1,022.89",2019/7/25 10:39,5.12,"7,000",0,0,柜台,28450,股票,正常买卖,302,302,总公司,自营,99998-默认经纪人,4768137,88213,293302,普通交易卖出,,6月6日,15510,0,1.02,0,0,0,0.05,0.02,0.02,0,1.11,0,,普通帐户,TS,,,,,0,1,,,
10016109,深Ａ,SZ00000302,方正证券股份有限公司,300418,昆仑万维,卖出成交,12.98,800.00 ,0,"10,384.00","10,384.00","10,372.69",2019/7/25 10:39,12.98,"2,700",0,0,柜台,395106,创业板,正常买卖,302,302,总公司,自营,99998-默认经纪人,1.02E+14,88213,293305,普通交易卖出,,,,0,10.38,0,0,0,0.51,0.21,0.21,0,11.31,0,,普通帐户,TS,,,,,0,1,,,
10016166,深Ａ,SZ00000302,方正证券股份有限公司,2384,东山精密,卖出成交,16.06,400.00 ,0,"6,424.00","6,424.00","6,417.01",2019/7/25 10:39,16.06,900,0,0,柜台,395106,股票,正常买卖,302,302,总公司,自营,99998-默认经纪人,1.03E+14,88213,190276,普通交易卖出,,,,0,6.42,0,0,0,0.31,0.13,0.13,0,6.99,0,,普通帐户,TS,,,,,0,1,,,
10016133,深Ａ,SZ00000302,方正证券股份有限公司,300383,光环新网,卖出成交,18.98,1500.00 ,0,"28,470.00","28,470.00","28,439.00",2019/7/25 10:39,18.98,"1,500",0,0,柜台,395106,创业板,正常买卖,302,302,总公司,自营,99998-默认经纪人,1.04E+14,88213,293320,普通交易卖出,,,,0,28.47,0,0,0,1.39,0.57,0.57,0,31,0,,普通帐户,TS,,,,,0,1,,,
10016111,深Ａ,SZ00000302,方正证券股份有限公司,2655,共达电声,卖出成交,8.84,900.00 ,0,"7,956.00","7,956.00","7,947.33",2019/7/25 10:39,8.84,900,0,0,柜台,395106,股票,正常买卖,302,302,总公司,自营,99998-默认经纪人,1.01E+14,88213,293340,普通交易卖出,,,,0,7.96,0,0,0,0.39,0.16,0.16,0,8.67,0,,普通帐户,TS,,,,,0,1,,,
10016193,深Ａ,SZ00000302,方正证券股份有限公司,2458,益生股份,卖出成交,26.67,100.00 ,0,"2,667.00","2,667.00","2,664.10",2019/7/25 10:39,26.67,"2,800",0,0,柜台,395106,股票,正常买卖,302,302,总公司,自营,99998-默认经纪人,1.04E+14,88213,190282,普通交易卖出,,,,0,2.67,0,0,0,0.13,0.05,0.05,0,2.9,0,,普通帐户,TS,,,,,0,1,,,
10016113,深Ａ,SZ00000302,方正证券股份有限公司,300257,开山股份,卖出成交,10.48,100.00 ,0,"1,048.00","1,048.00","1,046.86",2019/7/25 10:39,10.48,"1,600",0,0,柜台,395106,创业板,正常买卖,302,302,总公司,自营,99998-默认经纪人,1.01E+14,88213,190284,普通交易卖出,,,,0,1.05,0,0,0,0.05,0.02,0.02,0,1.14,0,,普通帐户,TS,,,,,0,1,,,
10016145,深Ａ,SZ00000302,方正证券股份有限公司,300207,欣旺达,卖出成交,12.04,100.00 ,0,"1,204.00","1,204.00","1,202.70",2019/7/25 10:39,12.04,"2,200",0,0,柜台,395106,创业板,正常买卖,302,302,总公司,自营,99998-默认经纪人,1.04E+14,88213,190286,普通交易卖出,,,,0,1.2,0,0,0,0.06,0.02,0.02,0,1.3,0,,普通帐户,TS,,,,,0,1,,,
1000081698,沪Ａ,SH00000302,方正证券股份有限公司,600675,中华企业,卖出成交,5.12,1100.00 ,0,"5,632.00","5,632.00","5,625.88",2019/7/25 10:39,5.12,"7,000",0,0,柜台,28450,股票,正常买卖,302,302,总公司,自营,99998-默认经纪人,4769745,88213,190288,普通交易卖出,,6月6日,15520,0,5.63,0,0,0,0.27,0.11,0.11,0,6.12,0,,普通帐户,TS,,,,,0,1,,,
10016182,深Ａ,SZ00000302,方正证券股份有限公司,333,美的集团,卖出成交,53.4,100.00 ,0,"5,340.00","5,340.00","5,334.18",2019/7/25 10:39,53.4,"1,500",0,0,柜台,395106,股票,正常买卖,302,302,总公司,自营,99998-默认经纪人,1.03E+14,88213,293353,普通交易卖出,,,,0,5.34,0,0,0,0.26,0.11,0.11,0,5.82,0,,普通帐户,TS,,,,,0,1,,,
10016182,深Ａ,SZ00000302,方正证券股份有限公司,333,美的集团,卖出成交,53.4,200.00 ,0,"10,680.00","10,680.00","10,668.38",2019/7/25 10:39,53.4,"1,500",0,0,柜台,395106,股票,正常买卖,302,302,总公司,自营,99998-默认经纪人,1.03E+14,88213,293356,普通交易卖出,,,,0,10.68,0,0,0,0.52,0.21,0.21,0,11.62,0,,普通帐户,TS,,,,,0,1,,,
1000081697,沪Ａ,SH00000302,方正证券股份有限公司,600340,华夏幸福,卖出成交,30.75,200.00 ,0,"6,150.00","6,150.00","6,143.31",2019/7/25 10:39,30.75,"1,500",0,0,柜台,28450,股票,正常买卖,302,302,总公司,自营,99998-默认经纪人,4769695,88213,293363,普通交易卖出,,3月3日,14850,0,6.15,0,0,0,0.3,0.12,0.12,0,6.69,0,,普通帐户,TS,,,,,0,1,,,
10016109,深Ａ,SZ00000302,方正证券股份有限公司,300418,昆仑万维,卖出成交,12.98,100.00 ,0,"1,298.00","1,298.00","1,296.58",2019/7/25 10:39,12.98,"2,700",0,0,柜台,395106,创业板,正常买卖,302,302,总公司,自营,99998-默认经纪人,1.02E+14,88213,293368,普通交易卖出,,,,0,1.3,0,0,0,0.06,0.03,0.03,0,1.42,0,,普通帐户,TS,,,,,0,1,,,
10016166,深Ａ,SZ00000302,方正证券股份有限公司,2384,东山精密,卖出成交,16.06,500.00 ,0,"8,030.00","8,030.00","8,021.26",2019/7/25 10:39,16.06,900,0,0,柜台,395106,股票,正常买卖,302,302,总公司,自营,99998-默认经纪人,1.03E+14,88213,293372,普通交易卖出,,,,0,8.03,0,0,0,0.39,0.16,0.16,0,8.74,0,,普通帐户,TS,,,,,0,1,,,
10016182,深Ａ,SZ00000302,方正证券股份有限公司,333,美的集团,卖出成交,53.4,200.00 ,0,"10,680.00","10,680.00","10,668.38",2019/7/25 10:39,53.4,"1,500",0,0,柜台,395106,股票,正常买卖,302,302,总公司,自营,99998-默认经纪人,1.03E+14,88213,190292,普通交易卖出,,,,0,10.68,0,0,0,0.52,0.21,0.21,0,11.62,0,,普通帐户,TS,,,,,0,1,,,
1000081697,沪Ａ,SH00000302,方正证券股份有限公司,600340,华夏幸福,卖出成交,30.75,100.00 ,0,"3,075.00","3,075.00","3,071.65",2019/7/25 10:39,30.75,"1,500",0,0,柜台,28450,股票,正常买卖,302,302,总公司,自营,99998-默认经纪人,4770257,88213,190294,普通交易卖出,,3月3日,14860,0,3.08,0,0,0,0.15,0.06,0.06,0,3.35,0,,普通帐户,TS,,,,,0,1,,,
1000081698,沪Ａ,SH00000302,方正证券股份有限公司,600675,中华企业,卖出成交,5.12,200.00 ,0,"1,024.00","1,024.00","1,022.89",2019/7/25 10:39,5.12,"7,000",0,0,柜台,28450,股票,正常买卖,302,302,总公司,自营,99998-默认经纪人,4770036,88213,293379,普通交易卖出,,6月6日,15530,0,1.02,0,0,0,0.05,0.02,0.02,0,1.11,0,,普通帐户,TS,,,,,0,1,,,
10016119,深Ａ,SZ00000302,方正证券股份有限公司,2707,众信旅游,卖出成交,5.76,200.00 ,0,"1,152.00","1,152.00","1,150.75",2019/7/25 10:39,5.76,"6,400",0,0,柜台,395106,股票,正常买卖,302,302,总公司,自营,99998-默认经纪人,1.04E+14,88213,293382,普通交易卖出,,,,0,1.15,0,0,0,0.06,0.02,0.02,0,1.25,0,,普通帐户,TS,,,,,0,1,,,
10016182,深Ａ,SZ00000302,方正证券股份有限公司,333,美的集团,卖出成交,53.4,100.00 ,0,"5,340.00","5,340.00","5,334.18",2019/7/25 10:39,53.4,"1,500",0,0,柜台,395106,股票,正常买卖,302,302,总公司,自营,99998-默认经纪人,1.03E+14,88213,293384,普通交易卖出,,,,0,5.34,0,0,0,0.26,0.11,0.11,0,5.82,0,,普通帐户,TS,,,,,0,1,,,
10016113,深Ａ,SZ00000302,方正证券股份有限公司,300257,开山股份,卖出成交,10.48,700.00 ,0,"7,336.00","7,336.00","7,328.00",2019/7/25 10:39,10.48,"1,600",0,0,柜台,395106,创业板,正常买卖,302,302,总公司,自营,99998-默认经纪人,1.01E+14,88213,190298,普通交易卖出,,,,0,7.34,0,0,0,0.36,0.15,0.15,0,8,0,,普通帐户,TS,,,,,0,1,,,
10016165,深Ａ,SZ00000302,方正证券股份有限公司,723,美锦能源,卖出成交,9.55,100.00 ,0,955,955,953.95,2019/7/25 10:39,9.55,"1,600",0,0,柜台,395106,股票,正常买卖,302,302,总公司,自营,99998-默认经纪人,1.02E+14,88213,293439,普通交易卖出,,,,0,0.96,0,0,0,0.05,0.02,0.02,0,1.05,0,,普通帐户,TS,,,,,0,1,,,
10016165,深Ａ,SZ00000302,方正证券股份有限公司,723,美锦能源,卖出成交,9.55,400.00 ,0,"3,820.00","3,820.00","3,815.83",2019/7/25 10:39,9.55,"1,600",0,0,柜台,395106,股票,正常买卖,302,302,总公司,自营,99998-默认经纪人,1.02E+14,88213,190305,普通交易卖出,,,,0,3.82,0,0,0,0.19,0.08,0.08,0,4.17,0,,普通帐户,TS,,,,,0,1,,,
10016165,深Ａ,SZ00000302,方正证券股份有限公司,723,美锦能源,卖出成交,9.55,1000.00 ,0,"9,550.00","9,550.00","9,539.60",2019/7/25 10:39,9.55,"1,600",0,0,柜台,395106,股票,正常买卖,302,302,总公司,自营,99998-默认经纪人,1.02E+14,88213,190310,普通交易卖出,,,,0,9.55,0,0,0,0.47,0.19,0.19,0,10.4,0,,普通帐户,TS,,,,,0,1,,,
10016119,深Ａ,SZ00000302,方正证券股份有限公司,2707,众信旅游,卖出成交,5.76,100.00 ,0,576,576,575.37,2019/7/25 10:39,5.76,"6,400",0,0,柜台,395106,股票,正常买卖,302,302,总公司,自营,99998-默认经纪人,1.04E+14,88213,190312,普通交易卖出,,,,0,0.58,0,0,0,0.03,0.01,0.01,0,0.63,0,,普通帐户,TS,,,,,0,1,,,
10016165,深Ａ,SZ00000302,方正证券股份有限公司,723,美锦能源,卖出成交,9.55,100.00 ,0,955,955,953.95,2019/7/25 10:39,9.55,"1,600",0,0,柜台,395106,股票,正常买卖,302,302,总公司,自营,99998-默认经纪人,1.02E+14,88213,293451,普通交易卖出,,,,0,0.96,0,0,0,0.05,0.02,0.02,0,1.05,0,,普通帐户,TS,,,,,0,1,,,
10016140,深Ａ,SZ00000302,方正证券股份有限公司,2893,华通热力,卖出成交,14.22,1100.00 ,0,"15,642.00","15,642.00","15,624.98",2019/7/25 10:39,14.22,"1,100",0,0,柜台,395106,股票,正常买卖,302,302,总公司,自营,99998-默认经纪人,1.04E+14,88213,293454,普通交易卖出,,,,0,15.64,0,0,0,0.76,0.31,0.31,0,17.02,0,,普通帐户,TS,,,,,0,1,,,
10016109,深Ａ,SZ00000302,方正证券股份有限公司,300418,昆仑万维,卖出成交,12.98,100.00 ,0,"1,298.00","1,298.00","1,296.58",2019/7/25 10:39,12.98,"2,700",0,0,柜台,395106,创业板,正常买卖,302,302,总公司,自营,99998-默认经纪人,1.02E+14,88213,190316,普通交易卖出,,,,0,1.3,0,0,0,0.06,0.03,0.03,0,1.42,0,,普通帐户,TS,,,,,0,1,,,
10016196,深Ａ,SZ00000302,方正证券股份有限公司,2273,水晶光电,卖出成交,10.9,2100.00 ,0,"22,890.00","22,890.00","22,865.08",2019/7/25 10:39,10.9,"2,100",0,0,柜台,395106,股票,正常买卖,302,302,总公司,自营,99998-默认经纪人,1.01E+14,88213,190318,普通交易卖出,,,,0,22.89,0,0,0,1.11,0.46,0.46,0,24.92,0,,普通帐户,TS,,,,,0,1,,,
1000081698,沪Ａ,SH00000302,方正证券股份有限公司,600675,中华企业,卖出成交,5.12,100.00 ,0,512,512,511.45,2019/7/25 10:39,5.12,"7,000",0,0,柜台,28450,股票,正常买卖,302,302,总公司,自营,99998-默认经纪人,4772448,88213,190321,普通交易卖出,,6月6日,15540,0,0.51,0,0,0,0.02,0.01,0.01,0,0.55,0,,普通帐户,TS,,,,,0,1,,,
10016182,深Ａ,SZ00000302,方正证券股份有限公司,333,美的集团,卖出成交,53.4,100.00 ,0,"5,340.00","5,340.00","5,334.18",2019/7/25 10:39,53.4,"1,500",0,0,柜台,395106,股票,正常买卖,302,302,总公司,自营,99998-默认经纪人,1.03E+14,88213,293475,普通交易卖出,,,,0,5.34,0,0,0,0.26,0.11,0.11,0,5.82,0,,普通帐户,TS,,,,,0,1,,,
10016110,深Ａ,SZ00000302,方正证券股份有限公司,300253,卫宁健康,卖出成交,13.54,1500.00 ,0,"20,310.00","20,310.00","20,287.88",2019/7/25 10:39,13.54,"1,500",0,0,柜台,395106,创业板,正常买卖,302,302,总公司,自营,99998-默认经纪人,1.02E+14,88213,293477,普通交易卖出,,,,0,20.31,0,0,0,0.99,0.41,0.41,0,22.12,0,,普通帐户,TS,,,,,0,1,,,
10016182,深Ａ,SZ00000302,方正证券股份有限公司,333,美的集团,卖出成交,53.4,800.00 ,0,"42,720.00","42,720.00","42,673.50",2019/7/25 10:39,53.4,"1,500",0,0,柜台,395106,股票,正常买卖,302,302,总公司,自营,99998-默认经纪人,1.03E+14,88213,293479,普通交易卖出,,,,0,42.72,0,0,0,2.08,0.85,0.85,0,46.5,0,,普通帐户,TS,,,,,0,1,,,
10016135,深Ａ,SZ00000302,方正证券股份有限公司,300397,天和防务,卖出成交,19.63,500.00 ,0,"9,815.00","9,815.00","9,804.30",2019/7/25 10:39,19.63,"1,100",0,0,柜台,395106,创业板,正常买卖,302,302,总公司,自营,99998-默认经纪人,1.01E+14,88213,293490,普通交易卖出,,,,0,9.82,0,0,0,0.48,0.2,0.2,0,10.7,0,,普通帐户,TS,,,,,0,1,,,
10016183,深Ａ,SZ00000302,方正证券股份有限公司,858,五 粮 液,卖出成交,117.8,200.00 ,0,"23,560.00","23,560.00","23,534.35",2019/7/25 10:39,117.8,"1,500",0,0,柜台,395106,股票,正常买卖,302,302,总公司,自营,99998-默认经纪人,1.04E+14,88213,190331,普通交易卖出,,,,0,23.56,0,0,0,1.15,0.47,0.47,0,25.65,0,,普通帐户,TS,,,,,0,1,,,
10016183,深Ａ,SZ00000302,方正证券股份有限公司,858,五 粮 液,卖出成交,117.8,100.00 ,0,"11,780.00","11,780.00","11,767.17",2019/7/25 10:39,117.8,"1,500",0,0,柜台,395106,股票,正常买卖,302,302,总公司,自营,99998-默认经纪人,1.04E+14,88213,190335,普通交易卖出,,,,0,11.78,0,0,0,0.57,0.24,0.24,0,12.83,0,,普通帐户,TS,,,,,0,1,,,
1000081697,沪Ａ,SH00000302,方正证券股份有限公司,600340,华夏幸福,卖出成交,30.75,100.00 ,0,"3,075.00","3,075.00","3,071.65",2019/7/25 10:39,30.75,"1,500",0,0,柜台,28450,股票,正常买卖,302,302,总公司,自营,99998-默认经纪人,4773472,88213,190340,普通交易卖出,,3月3日,14870,0,3.08,0,0,0,0.15,0.06,0.06,0,3.35,0,,普通帐户,TS,,,,,0,1,,,
10016109,深Ａ,SZ00000302,方正证券股份有限公司,300418,昆仑万维,卖出成交,12.98,100.00 ,0,"1,298.00","1,298.00","1,296.58",2019/7/25 10:39,12.98,"2,700",0,0,柜台,395106,创业板,正常买卖,302,302,总公司,自营,99998-默认经纪人,1.02E+14,88213,190343,普通交易卖出,,,,0,1.3,0,0,0,0.06,0.03,0.03,0,1.42,0,,普通帐户,TS,,,,,0,1,,,
10016153,深Ａ,SZ00000302,方正证券股份有限公司,2478,常宝股份,卖出成交,6.46,100.00 ,0,646,646,645.3,2019/7/25 10:39,6.46,"1,700",0,0,柜台,395106,股票,正常买卖,302,302,总公司,自营,99998-默认经纪人,1.03E+14,88213,293527,普通交易卖出,,,,0,0.65,0,0,0,0.03,0.01,0.01,0,0.7,0,,普通帐户,TS,,,,,0,1,,,
10016193,深Ａ,SZ00000302,方正证券股份有限公司,2458,益生股份,卖出成交,26.67,200.00 ,0,"5,334.00","5,334.00","5,328.19",2019/7/25 10:39,26.67,"2,800",0,0,柜台,395106,股票,正常买卖,302,302,总公司,自营,99998-默认经纪人,1.04E+14,88213,293529,普通交易卖出,,,,0,5.33,0,0,0,0.26,0.11,0.11,0,5.81,0,,普通帐户,TS,,,,,0,1,,,
1000081698,沪Ａ,SH00000302,方正证券股份有限公司,600675,中华企业,卖出成交,5.12,100.00 ,0,512,512,511.45,2019/7/25 10:39,5.12,"7,000",0,0,柜台,28450,股票,正常买卖,302,302,总公司,自营,99998-默认经纪人,4774171,88213,190346,普通交易卖出,,6月6日,15550,0,0.51,0,0,0,0.02,0.01,0.01,0,0.55,0,,普通帐户,TS,,,,,0,1,,,
1000081661,沪Ａ,SH00000302,方正证券股份有限公司,603189,网达软件,卖出成交,18.59,300.00 ,0,"5,577.00","5,577.00","5,570.93",2019/7/25 10:39,18.59,600,0,0,柜台,28450,股票,正常买卖,302,302,总公司,自营,99998-默认经纪人,4774191,88213,190348,普通交易卖出,,1月1日,16620,0,5.58,0,0,0,0.27,0.11,0.11,0,6.07,0,,普通帐户,TS,,,,,0,1,,,
10016127,深Ａ,SZ00000302,方正证券股份有限公司,300628,亿联网络,卖出成交,57.78,300.00 ,0,"17,334.00","17,334.00","17,315.13",2019/7/25 10:39,57.78,300,0,0,柜台,395106,创业板,正常买卖,302,302,总公司,自营,99998-默认经纪人,1.01E+14,88213,190352,普通交易卖出,,,,0,17.33,0,0,0,0.84,0.35,0.35,0,18.87,0,,普通帐户,TS,,,,,0,1,,,
10016172,深Ａ,SZ00000302,方正证券股份有限公司,2572,索菲亚,卖出成交,18.68,1000.00 ,0,"18,680.00","18,680.00","18,659.67",2019/7/25 10:39,18.68,"1,000",0,0,柜台,395106,股票,正常买卖,302,302,总公司,自营,99998-默认经纪人,1.01E+14,88213,190354,普通交易卖出,,,,0,18.68,0,0,0,0.91,0.37,0.37,0,20.33,0,,普通帐户,TS,,,,,0,1,,,
10016119,深Ａ,SZ00000302,方正证券股份有限公司,2707,众信旅游,卖出成交,5.76,100.00 ,0,576,576,575.37,2019/7/25 10:39,5.76,"6,400",0,0,柜台,395106,股票,正常买卖,302,302,总公司,自营,99998-默认经纪人,1.04E+14,88213,190358,普通交易卖出,,,,0,0.58,0,0,0,0.03,0.01,0.01,0,0.63,0,,普通帐户,TS,,,,,0,1,,,
10016109,深Ａ,SZ00000302,方正证券股份有限公司,300418,昆仑万维,卖出成交,12.98,100.00 ,0,"1,298.00","1,298.00","1,296.58",2019/7/25 10:39,12.98,"2,700",0,0,柜台,395106,创业板,正常买卖,302,302,总公司,自营,99998-默认经纪人,1.02E+14,88213,190363,普通交易卖出,,,,0,1.3,0,0,0,0.06,0.03,0.03,0,1.42,0,,普通帐户,TS,,,,,0,1,,,
1000081661,沪Ａ,SH00000302,方正证券股份有限公司,603189,网达软件,卖出成交,18.59,300.00 ,0,"5,577.00","5,577.00","5,570.93",2019/7/25 10:39,18.59,600,0,0,柜台,28450,股票,正常买卖,302,302,总公司,自营,99998-默认经纪人,4775409,88213,190370,普通交易卖出,,1月1日,16630,0,5.58,0,0,0,0.27,0.11,0.11,0,6.07,0,,普通帐户,TS,,,,,0,1,,,
1000081698,沪Ａ,SH00000302,方正证券股份有限公司,600675,中华企业,卖出成交,5.12,100.00 ,0,512,512,511.45,2019/7/25 10:39,5.12,"7,000",0,0,柜台,28450,股票,正常买卖,302,302,总公司,自营,99998-默认经纪人,4775506,88213,190375,普通交易卖出,,6月6日,15560,0,0.51,0,0,0,0.02,0.01,0.01,0,0.55,0,,普通帐户,TS,,,,,0,1,,,
1000081698,沪Ａ,SH00000302,方正证券股份有限公司,600675,中华企业,卖出成交,5.12,100.00 ,0,512,512,511.45,2019/7/25 10:39,5.12,"7,000",0,0,柜台,28450,股票,正常买卖,302,302,总公司,自营,99998-默认经纪人,4776852,88213,190388,普通交易卖出,,6月6日,15570,0,0.51,0,0,0,0.02,0.01,0.01,0,0.55,0,,普通帐户,TS,,,,,0,1,,,
10016112,深Ａ,SZ00000302,方正证券股份有限公司,300502,新易盛,卖出成交,27.54,200.00 ,0,"5,508.00","5,508.00","5,502.00",2019/7/25 10:39,27.54,200,0,0,柜台,395106,创业板,正常买卖,302,302,总公司,自营,99998-默认经纪人,1.02E+14,88213,293654,普通交易卖出,,,,0,5.51,0,0,0,0.27,0.11,0.11,0,6,0,,普通帐户,TS,,,,,0,1,,,
10016109,深Ａ,SZ00000302,方正证券股份有限公司,300418,昆仑万维,卖出成交,12.98,1300.00 ,0,"16,874.00","16,874.00","16,855.63",2019/7/25 10:39,12.98,"2,700",0,0,柜台,395106,创业板,正常买卖,302,302,总公司,自营,99998-默认经纪人,1.02E+14,88213,293658,普通交易卖出,,,,0,16.87,0,0,0,0.82,0.34,0.34,0,18.37,0,,普通帐户,TS,,,,,0,1,,,
10016153,深Ａ,SZ00000302,方正证券股份有限公司,2478,常宝股份,卖出成交,6.46,100.00 ,0,646,646,645.3,2019/7/25 10:39,6.46,"1,700",0,0,柜台,395106,股票,正常买卖,302,302,总公司,自营,99998-默认经纪人,1.03E+14,88213,190391,普通交易卖出,,,,0,0.65,0,0,0,0.03,0.01,0.01,0,0.7,0,,普通帐户,TS,,,,,0,1,,,
1000081657,沪Ａ,SH00000302,方正证券股份有限公司,603160,汇顶科技,卖出成交,157.01,200.00 ,0,"31,402.00","31,402.00","31,367.81",2019/7/25 10:39,157.01,200,0,0,柜台,28450,股票,正常买卖,302,302,总公司,自营,99998-默认经纪人,4777501,88213,190394,普通交易卖出,,1月1日,16650,0,31.4,0,0,0,1.53,0.63,0.63,0,34.19,0,,普通帐户,TS,,,,,0,1,,,
10016119,深Ａ,SZ00000302,方正证券股份有限公司,2707,众信旅游,卖出成交,5.76,100.00 ,0,576,576,575.37,2019/7/25 10:39,5.76,"6,400",0,0,柜台,395106,股票,正常买卖,302,302,总公司,自营,99998-默认经纪人,1.04E+14,88213,190396,普通交易卖出,,,,0,0.58,0,0,0,0.03,0.01,0.01,0,0.63,0,,普通帐户,TS,,,,,0,1,,,
1000081679,沪Ａ,SH00000302,方正证券股份有限公司,601628,中国人寿,卖出成交,30.39,400.00 ,0,"12,156.00","12,156.00","12,142.77",2019/7/25 10:39,30.39,400,0,0,柜台,28450,股票,正常买卖,302,302,总公司,自营,99998-默认经纪人,4777835,88213,293715,普通交易卖出,,1月1日,16660,0,12.16,0,0,0,0.59,0.24,0.24,0,13.23,0,,普通帐户,TS,,,,,0,1,,,
1000081698,沪Ａ,SH00000302,方正证券股份有限公司,600675,中华企业,卖出成交,5.12,100.00 ,0,512,512,511.45,2019/7/25 10:39,5.12,"7,000",0,0,柜台,28450,股票,正常买卖,302,302,总公司,自营,99998-默认经纪人,4777877,88213,190403,普通交易卖出,,6月6日,15590,0,0.51,0,0,0,0.02,0.01,0.01,0,0.55,0,,普通帐户,TS,,,,,0,1,,,
10016130,深Ａ,SZ00000302,方正证券股份有限公司,300630,普利制药,卖出成交,44.8,100.00 ,0,"4,480.00","4,480.00","4,475.12",2019/7/25 10:39,44.8,"1,000",0,0,柜台,395106,创业板,正常买卖,302,302,总公司,自营,99998-默认经纪人,1.02E+14,88213,190407,普通交易卖出,,,,0,4.48,0,0,0,0.22,0.09,0.09,0,4.88,0,,普通帐户,TS,,,,,0,1,,,
10016154,深Ａ,SZ00000302,方正证券股份有限公司,2057,中钢天源,卖出成交,10.03,1700.00 ,0,"17,051.00","17,051.00","17,032.44",2019/7/25 10:39,10.03,"1,700",0,0,柜台,395106,股票,正常买卖,302,302,总公司,自营,99998-默认经纪人,1.03E+14,88213,293751,普通交易卖出,,,,0,17.05,0,0,0,0.83,0.34,0.34,0,18.56,0,,普通帐户,TS,,,,,0,1,,,
10016115,深Ａ,SZ00000302,方正证券股份有限公司,2670,国盛金控,卖出成交,11.1,2200.00 ,0,"24,420.00","24,420.00","24,393.41",2019/7/25 10:39,11.1,"2,200",0,0,柜台,395106,股票,正常买卖,302,302,总公司,自营,99998-默认经纪人,1.02E+14,88213,190421,普通交易卖出,,,,0,24.42,0,0,0,1.19,0.49,0.49,0,26.59,0,,普通帐户,TS,,,,,0,1,,,
10016138,深Ａ,SZ00000302,方正证券股份有限公司,300766,每日互动,卖出成交,41.47,200.00 ,0,"8,294.00","8,294.00","8,284.97",2019/7/25 10:39,41.47,"1,300",0,0,柜台,395106,创业板,正常买卖,302,302,总公司,自营,99998-默认经纪人,1.04E+14,88213,293786,普通交易卖出,,,,0,8.29,0,0,0,0.4,0.17,0.17,0,9.03,0,,普通帐户,TS,,,,,0,1,,,
10016153,深Ａ,SZ00000302,方正证券股份有限公司,2478,常宝股份,卖出成交,6.46,100.00 ,0,646,646,645.3,2019/7/25 10:39,6.46,"1,700",0,0,柜台,395106,股票,正常买卖,302,302,总公司,自营,99998-默认经纪人,1.03E+14,88213,190431,普通交易卖出,,,,0,0.65,0,0,0,0.03,0.01,0.01,0,0.7,0,,普通帐户,TS,,,,,0,1,,,
10016122,深Ａ,SZ00000302,方正证券股份有限公司,300088,长信科技,卖出成交,5.67,3600.00 ,0,"20,412.00","20,412.00","20,389.78",2019/7/25 10:39,5.67,"3,600",0,0,柜台,395106,创业板,正常买卖,302,302,总公司,自营,99998-默认经纪人,1.01E+14,88213,190433,普通交易卖出,,,,0,20.41,0,0,0,0.99,0.41,0.41,0,22.22,0,,普通帐户,TS,,,,,0,1,,,
10016138,深Ａ,SZ00000302,方正证券股份有限公司,300766,每日互动,卖出成交,41.47,1000.00 ,0,"41,470.00","41,470.00","41,424.85",2019/7/25 10:39,41.47,"1,300",0,0,柜台,395106,创业板,正常买卖,302,302,总公司,自营,99998-默认经纪人,1.04E+14,88213,190436,普通交易卖出,,,,0,41.47,0,0,0,2.02,0.83,0.83,0,45.15,0,,普通帐户,TS,,,,,0,1,,,
1000081698,沪Ａ,SH00000302,方正证券股份有限公司,600675,中华企业,卖出成交,5.12,100.00 ,0,512,512,511.45,2019/7/25 10:39,5.12,"7,000",0,0,柜台,28450,股票,正常买卖,302,302,总公司,自营,99998-默认经纪人,4779792,88213,190438,普通交易卖出,,6月6日,15600,0,0.51,0,0,0,0.02,0.01,0.01,0,0.55,0,,普通帐户,TS,,,,,0,1,,,
10016191,深Ａ,SZ00000302,方正证券股份有限公司,2594,比亚迪,卖出成交,56.8,300.00 ,0,"17,040.00","17,040.00","17,021.45",2019/7/25 10:39,56.8,300,0,0,柜台,395106,股票,正常买卖,302,302,总公司,自营,99998-默认经纪人,1.01E+14,88213,190445,普通交易卖出,,,,0,17.04,0,0,0,0.83,0.34,0.34,0,18.55,0,,普通帐户,TS,,,,,0,1,,,
10016123,深Ａ,SZ00000302,方正证券股份有限公司,300616,尚品宅配,卖出成交,78.7,300.00 ,0,"23,610.00","23,610.00","23,584.30",2019/7/25 10:39,78.7,300,0,0,柜台,395106,创业板,正常买卖,302,302,总公司,自营,99998-默认经纪人,1.04E+14,88213,293842,普通交易卖出,,,,0,23.61,0,0,0,1.15,0.47,0.47,0,25.7,0,,普通帐户,TS,,,,,0,1,,,
10016119,深Ａ,SZ00000302,方正证券股份有限公司,2707,众信旅游,卖出成交,5.76,100.00 ,0,576,576,575.37,2019/7/25 10:40,5.76,"6,400",0,0,柜台,395106,股票,正常买卖,302,302,总公司,自营,99998-默认经纪人,1.04E+14,88213,190449,普通交易卖出,,,,0,0.58,0,0,0,0.03,0.01,0.01,0,0.63,0,,普通帐户,TS,,,,,0,1,,,
10016173,深Ａ,SZ00000302,方正证券股份有限公司,34,神州数码,卖出成交,12.74,600.00 ,0,"7,644.00","7,644.00","7,635.69",2019/7/25 10:40,12.74,600,0,0,柜台,395106,股票,正常买卖,302,302,总公司,自营,99998-默认经纪人,1.02E+14,88213,190451,普通交易卖出,,,,0,7.64,0,0,0,0.37,0.15,0.15,0,8.31,0,,普通帐户,TS,,,,,0,1,,,
10016138,深Ａ,SZ00000302,方正证券股份有限公司,300766,每日互动,卖出成交,41.47,100.00 ,0,"4,147.00","4,147.00","4,142.49",2019/7/25 10:40,41.47,"1,300",0,0,柜台,395106,创业板,正常买卖,302,302,总公司,自营,99998-默认经纪人,1.04E+14,88213,293871,普通交易卖出,,,,0,4.15,0,0,0,0.2,0.08,0.08,0,4.51,0,,普通帐户,TS,,,,,0,1,,,
1000081698,沪Ａ,SH00000302,方正证券股份有限公司,600675,中华企业,卖出成交,5.12,100.00 ,0,512,512,511.45,2019/7/25 10:40,5.12,"7,000",0,0,柜台,28450,股票,正常买卖,302,302,总公司,自营,99998-默认经纪人,4781765,88213,190459,普通交易卖出,,6月6日,15610,0,0.51,0,0,0,0.02,0.01,0.01,0,0.55,0,,普通帐户,TS,,,,,0,1,,,
10016130,深Ａ,SZ00000302,方正证券股份有限公司,300630,普利制药,卖出成交,44.8,400.00 ,0,"17,920.00","17,920.00","17,900.49",2019/7/25 10:40,44.8,"1,000",0,0,柜台,395106,创业板,正常买卖,302,302,总公司,自营,99998-默认经纪人,1.02E+14,88213,190461,普通交易卖出,,,,0,17.92,0,0,0,0.87,0.36,0.36,0,19.51,0,,普通帐户,TS,,,,,0,1,,,
1000081663,沪Ａ,SH00000302,方正证券股份有限公司,601166,兴业银行,卖出成交,19.08,700.00 ,0,"13,356.00","13,356.00","13,341.45",2019/7/25 10:40,19.08,700,0,0,柜台,28450,股票,正常买卖,302,302,总公司,自营,99998-默认经纪人,4783367,88213,190472,普通交易卖出,,2月2日,13250,0,13.36,0,0,0,0.65,0.27,0.27,0,14.55,0,,普通帐户,TS,,,,,0,1,,,
10016189,深Ａ,SZ00000302,方正证券股份有限公司,936,华西股份,卖出成交,8.62,1300.00 ,0,"11,206.00","11,206.00","11,193.80",2019/7/25 10:40,8.62,"3,000",0,0,柜台,395106,股票,正常买卖,302,302,总公司,自营,99998-默认经纪人,1.01E+14,88213,293925,普通交易卖出,,,,0,11.21,0,0,0,0.55,0.22,0.22,0,12.2,0,,普通帐户,TS,,,,,0,1,,,
1000081660,沪Ａ,SH00000302,方正证券股份有限公司,600999,招商证券,卖出成交,16.95,600.00 ,0,"10,170.00","10,170.00","10,158.93",2019/7/25 10:40,16.95,600,0,0,柜台,28450,股票,正常买卖,302,302,总公司,自营,99998-默认经纪人,4783271,88213,293932,普通交易卖出,,5月5日,21640,0,10.17,0,0,0,0.5,0.2,0.2,0,11.07,0,,普通帐户,TS,,,,,0,1,,,
10016188,深Ａ,SZ00000302,方正证券股份有限公司,401,冀东水泥,卖出成交,16.67,100.00 ,0,"1,667.00","1,667.00","1,665.19",2019/7/25 10:40,16.67,"5,400",0,0,柜台,395106,股票,正常买卖,302,302,总公司,自营,99998-默认经纪人,1.04E+14,88213,190475,普通交易卖出,,,,0,1.67,0,0,0,0.08,0.03,0.03,0,1.81,0,,普通帐户,TS,,,,,0,1,,,
10016188,深Ａ,SZ00000302,方正证券股份有限公司,401,冀东水泥,卖出成交,16.67,100.00 ,0,"1,667.00","1,667.00","1,665.19",2019/7/25 10:40,16.67,"5,400",0,0,柜台,395106,股票,正常买卖,302,302,总公司,自营,99998-默认经纪人,1.04E+14,88213,190477,普通交易卖出,,,,0,1.67,0,0,0,0.08,0.03,0.03,0,1.81,0,,普通帐户,TS,,,,,0,1,,,
10016188,深Ａ,SZ00000302,方正证券股份有限公司,401,冀东水泥,卖出成交,16.67,100.00 ,0,"1,667.00","1,667.00","1,665.19",2019/7/25 10:40,16.67,"5,400",0,0,柜台,395106,股票,正常买卖,302,302,总公司,自营,99998-默认经纪人,1.04E+14,88213,190478,普通交易卖出,,,,0,1.67,0,0,0,0.08,0.03,0.03,0,1.81,0,,普通帐户,TS,,,,,0,1,,,
10016188,深Ａ,SZ00000302,方正证券股份有限公司,401,冀东水泥,卖出成交,16.67,100.00 ,0,"1,667.00","1,667.00","1,665.19",2019/7/25 10:40,16.67,"5,400",0,0,柜台,395106,股票,正常买卖,302,302,总公司,自营,99998-默认经纪人,1.04E+14,88213,190481,普通交易卖出,,,,0,1.67,0,0,0,0.08,0.03,0.03,0,1.81,0,,普通帐户,TS,,,,,0,1,,,
10016188,深Ａ,SZ00000302,方正证券股份有限公司,401,冀东水泥,卖出成交,16.67,100.00 ,0,"1,667.00","1,667.00","1,665.19",2019/7/25 10:40,16.67,"5,400",0,0,柜台,395106,股票,正常买卖,302,302,总公司,自营,99998-默认经纪人,1.04E+14,88213,190482,普通交易卖出,,,,0,1.67,0,0,0,0.08,0.03,0.03,0,1.81,0,,普通帐户,TS,,,,,0,1,,,
10016188,深Ａ,SZ00000302,方正证券股份有限公司,401,冀东水泥,卖出成交,16.67,100.00 ,0,"1,667.00","1,667.00","1,665.19",2019/7/25 10:40,16.67,"5,400",0,0,柜台,395106,股票,正常买卖,302,302,总公司,自营,99998-默认经纪人,1.04E+14,88213,190484,普通交易卖出,,,,0,1.67,0,0,0,0.08,0.03,0.03,0,1.81,0,,普通帐户,TS,,,,,0,1,,,
10016188,深Ａ,SZ00000302,方正证券股份有限公司,401,冀东水泥,卖出成交,16.67,100.00 ,0,"1,667.00","1,667.00","1,665.19",2019/7/25 10:40,16.67,"5,400",0,0,柜台,395106,股票,正常买卖,302,302,总公司,自营,99998-默认经纪人,1.04E+14,88213,190485,普通交易卖出,,,,0,1.67,0,0,0,0.08,0.03,0.03,0,1.81,0,,普通帐户,TS,,,,,0,1,,,
10016188,深Ａ,SZ00000302,方正证券股份有限公司,401,冀东水泥,卖出成交,16.67,100.00 ,0,"1,667.00","1,667.00","1,665.19",2019/7/25 10:40,16.67,"5,400",0,0,柜台,395106,股票,正常买卖,302,302,总公司,自营,99998-默认经纪人,1.04E+14,88213,190486,普通交易卖出,,,,0,1.67,0,0,0,0.08,0.03,0.03,0,1.81,0,,普通帐户,TS,,,,,0,1,,,
10016188,深Ａ,SZ00000302,方正证券股份有限公司,401,冀东水泥,卖出成交,16.67,400.00 ,0,"6,668.00","6,668.00","6,660.75",2019/7/25 10:40,16.67,"5,400",0,0,柜台,395106,股票,正常买卖,302,302,总公司,自营,99998-默认经纪人,1.04E+14,88213,190487,普通交易卖出,,,,0,6.67,0,0,0,0.32,0.13,0.13,0,7.25,0,,普通帐户,TS,,,,,0,1,,,
10016188,深Ａ,SZ00000302,方正证券股份有限公司,401,冀东水泥,卖出成交,16.67,100.00 ,0,"1,667.00","1,667.00","1,665.19",2019/7/25 10:40,16.67,"5,400",0,0,柜台,395106,股票,正常买卖,302,302,总公司,自营,99998-默认经纪人,1.04E+14,88213,190489,普通交易卖出,,,,0,1.67,0,0,0,0.08,0.03,0.03,0,1.81,0,,普通帐户,TS,,,,,0,1,,,
10016188,深Ａ,SZ00000302,方正证券股份有限公司,401,冀东水泥,卖出成交,16.67,300.00 ,0,"5,001.00","5,001.00","4,995.56",2019/7/25 10:40,16.67,"5,400",0,0,柜台,395106,股票,正常买卖,302,302,总公司,自营,99998-默认经纪人,1.04E+14,88213,190491,普通交易卖出,,,,0,5,0,0,0,0.24,0.1,0.1,0,5.44,0,,普通帐户,TS,,,,,0,1,,,
10016188,深Ａ,SZ00000302,方正证券股份有限公司,401,冀东水泥,卖出成交,16.67,100.00 ,0,"1,667.00","1,667.00","1,665.19",2019/7/25 10:40,16.67,"5,400",0,0,柜台,395106,股票,正常买卖,302,302,总公司,自营,99998-默认经纪人,1.04E+14,88213,190493,普通交易卖出,,,,0,1.67,0,0,0,0.08,0.03,0.03,0,1.81,0,,普通帐户,TS,,,,,0,1,,,
10016188,深Ａ,SZ00000302,方正证券股份有限公司,401,冀东水泥,卖出成交,16.67,200.00 ,0,"3,334.00","3,334.00","3,330.37",2019/7/25 10:40,16.67,"5,400",0,0,柜台,395106,股票,正常买卖,302,302,总公司,自营,99998-默认经纪人,1.04E+14,88213,190495,普通交易卖出,,,,0,3.33,0,0,0,0.16,0.07,0.07,0,3.63,0,,普通帐户,TS,,,,,0,1,,,
10016188,深Ａ,SZ00000302,方正证券股份有限公司,401,冀东水泥,卖出成交,16.67,100.00 ,0,"1,667.00","1,667.00","1,665.19",2019/7/25 10:40,16.67,"5,400",0,0,柜台,395106,股票,正常买卖,302,302,总公司,自营,99998-默认经纪人,1.04E+14,88213,190497,普通交易卖出,,,,0,1.67,0,0,0,0.08,0.03,0.03,0,1.81,0,,普通帐户,TS,,,,,0,1,,,
10016188,深Ａ,SZ00000302,方正证券股份有限公司,401,冀东水泥,卖出成交,16.67,100.00 ,0,"1,667.00","1,667.00","1,665.19",2019/7/25 10:40,16.67,"5,400",0,0,柜台,395106,股票,正常买卖,302,302,总公司,自营,99998-默认经纪人,1.04E+14,88213,190499,普通交易卖出,,,,0,1.67,0,0,0,0.08,0.03,0.03,0,1.81,0,,普通帐户,TS,,,,,0,1,,,
10016188,深Ａ,SZ00000302,方正证券股份有限公司,401,冀东水泥,卖出成交,16.67,100.00 ,0,"1,667.00","1,667.00","1,665.19",2019/7/25 10:40,16.67,"5,400",0,0,柜台,395106,股票,正常买卖,302,302,总公司,自营,99998-默认经纪人,1.04E+14,88213,190501,普通交易卖出,,,,0,1.67,0,0,0,0.08,0.03,0.03,0,1.81,0,,普通帐户,TS,,,,,0,1,,,
10016188,深Ａ,SZ00000302,方正证券股份有限公司,401,冀东水泥,卖出成交,16.67,100.00 ,0,"1,667.00","1,667.00","1,665.19",2019/7/25 10:40,16.67,"5,400",0,0,柜台,395106,股票,正常买卖,302,302,总公司,自营,99998-默认经纪人,1.04E+14,88213,190503,普通交易卖出,,,,0,1.67,0,0,0,0.08,0.03,0.03,0,1.81,0,,普通帐户,TS,,,,,0,1,,,
10016188,深Ａ,SZ00000302,方正证券股份有限公司,401,冀东水泥,卖出成交,16.67,100.00 ,0,"1,667.00","1,667.00","1,665.19",2019/7/25 10:40,16.67,"5,400",0,0,柜台,395106,股票,正常买卖,302,302,总公司,自营,99998-默认经纪人,1.04E+14,88213,190505,普通交易卖出,,,,0,1.67,0,0,0,0.08,0.03,0.03,0,1.81,0,,普通帐户,TS,,,,,0,1,,,
10016188,深Ａ,SZ00000302,方正证券股份有限公司,401,冀东水泥,卖出成交,16.67,1000.00 ,0,"16,670.00","16,670.00","16,651.86",2019/7/25 10:40,16.67,"5,400",0,0,柜台,395106,股票,正常买卖,302,302,总公司,自营,99998-默认经纪人,1.04E+14,88213,190507,普通交易卖出,,,,0,16.67,0,0,0,0.81,0.33,0.33,0,18.14,0,,普通帐户,TS,,,,,0,1,,,
10016188,深Ａ,SZ00000302,方正证券股份有限公司,401,冀东水泥,卖出成交,16.67,100.00 ,0,"1,667.00","1,667.00","1,665.19",2019/7/25 10:40,16.67,"5,400",0,0,柜台,395106,股票,正常买卖,302,302,总公司,自营,99998-默认经纪人,1.04E+14,88213,190509,普通交易卖出,,,,0,1.67,0,0,0,0.08,0.03,0.03,0,1.81,0,,普通帐户,TS,,,,,0,1,,,
10016119,深Ａ,SZ00000302,方正证券股份有限公司,2707,众信旅游,卖出成交,5.76,100.00 ,0,576,576,575.37,2019/7/25 10:40,5.76,"6,400",0,0,柜台,395106,股票,正常买卖,302,302,总公司,自营,99998-默认经纪人,1.04E+14,88213,190511,普通交易卖出,,,,0,0.58,0,0,0,0.03,0.01,0.01,0,0.63,0,,普通帐户,TS,,,,,0,1,,,
10016119,深Ａ,SZ00000302,方正证券股份有限公司,2707,众信旅游,卖出成交,5.76,100.00 ,0,576,576,575.37,2019/7/25 10:40,5.76,"6,400",0,0,柜台,395106,股票,正常买卖,302,302,总公司,自营,99998-默认经纪人,1.04E+14,88213,190513,普通交易卖出,,,,0,0.58,0,0,0,0.03,0.01,0.01,0,0.63,0,,普通帐户,TS,,,,,0,1,,,
10016119,深Ａ,SZ00000302,方正证券股份有限公司,2707,众信旅游,卖出成交,5.76,100.00 ,0,576,576,575.37,2019/7/25 10:40,5.76,"6,400",0,0,柜台,395106,股票,正常买卖,302,302,总公司,自营,99998-默认经纪人,1.04E+14,88213,190515,普通交易卖出,,,,0,0.58,0,0,0,0.03,0.01,0.01,0,0.63,0,,普通帐户,TS,,,,,0,1,,,
10016119,深Ａ,SZ00000302,方正证券股份有限公司,2707,众信旅游,卖出成交,5.76,100.00 ,0,576,576,575.37,2019/7/25 10:40,5.76,"6,400",0,0,柜台,395106,股票,正常买卖,302,302,总公司,自营,99998-默认经纪人,1.04E+14,88213,190517,普通交易卖出,,,,0,0.58,0,0,0,0.03,0.01,0.01,0,0.63,0,,普通帐户,TS,,,,,0,1,,,
10016119,深Ａ,SZ00000302,方正证券股份有限公司,2707,众信旅游,卖出成交,5.76,100.00 ,0,576,576,575.37,2019/7/25 10:40,5.76,"6,400",0,0,柜台,395106,股票,正常买卖,302,302,总公司,自营,99998-默认经纪人,1.04E+14,88213,190519,普通交易卖出,,,,0,0.58,0,0,0,0.03,0.01,0.01,0,0.63,0,,普通帐户,TS,,,,,0,1,,,
10016188,深Ａ,SZ00000302,方正证券股份有限公司,401,冀东水泥,卖出成交,16.67,100.00 ,0,"1,667.00","1,667.00","1,665.19",2019/7/25 10:40,16.67,"5,400",0,0,柜台,395106,股票,正常买卖,302,302,总公司,自营,99998-默认经纪人,1.04E+14,88213,293946,普通交易卖出,,,,0,1.67,0,0,0,0.08,0.03,0.03,0,1.81,0,,普通帐户,TS,,,,,0,1,,,
10016188,深Ａ,SZ00000302,方正证券股份有限公司,401,冀东水泥,卖出成交,16.67,100.00 ,0,"1,667.00","1,667.00","1,665.19",2019/7/25 10:40,16.67,"5,400",0,0,柜台,395106,股票,正常买卖,302,302,总公司,自营,99998-默认经纪人,1.04E+14,88213,293950,普通交易卖出,,,,0,1.67,0,0,0,0.08,0.03,0.03,0,1.81,0,,普通帐户,TS,,,,,0,1,,,
10016188,深Ａ,SZ00000302,方正证券股份有限公司,401,冀东水泥,卖出成交,16.67,900.00 ,0,"15,003.00","15,003.00","14,986.67",2019/7/25 10:40,16.67,"5,400",0,0,柜台,395106,股票,正常买卖,302,302,总公司,自营,99998-默认经纪人,1.04E+14,88213,293952,普通交易卖出,,,,0,15,0,0,0,0.73,0.3,0.3,0,16.33,0,,普通帐户,TS,,,,,0,1,,,
10016188,深Ａ,SZ00000302,方正证券股份有限公司,401,冀东水泥,卖出成交,16.67,100.00 ,0,"1,667.00","1,667.00","1,665.19",2019/7/25 10:40,16.67,"5,400",0,0,柜台,395106,股票,正常买卖,302,302,总公司,自营,99998-默认经纪人,1.04E+14,88213,293954,普通交易卖出,,,,0,1.67,0,0,0,0.08,0.03,0.03,0,1.81,0,,普通帐户,TS,,,,,0,1,,,
10016188,深Ａ,SZ00000302,方正证券股份有限公司,401,冀东水泥,卖出成交,16.67,100.00 ,0,"1,667.00","1,667.00","1,665.19",2019/7/25 10:40,16.67,"5,400",0,0,柜台,395106,股票,正常买卖,302,302,总公司,自营,99998-默认经纪人,1.04E+14,88213,293956,普通交易卖出,,,,0,1.67,0,0,0,0.08,0.03,0.03,0,1.81,0,,普通帐户,TS,,,,,0,1,,,
10016188,深Ａ,SZ00000302,方正证券股份有限公司,401,冀东水泥,卖出成交,16.67,100.00 ,0,"1,667.00","1,667.00","1,665.19",2019/7/25 10:40,16.67,"5,400",0,0,柜台,395106,股票,正常买卖,302,302,总公司,自营,99998-默认经纪人,1.04E+14,88213,293958,普通交易卖出,,,,0,1.67,0,0,0,0.08,0.03,0.03,0,1.81,0,,普通帐户,TS,,,,,0,1,,,
10016188,深Ａ,SZ00000302,方正证券股份有限公司,401,冀东水泥,卖出成交,16.67,100.00 ,0,"1,667.00","1,667.00","1,665.19",2019/7/25 10:40,16.67,"5,400",0,0,柜台,395106,股票,正常买卖,302,302,总公司,自营,99998-默认经纪人,1.04E+14,88213,293960,普通交易卖出,,,,0,1.67,0,0,0,0.08,0.03,0.03,0,1.81,0,,普通帐户,TS,,,,,0,1,,,
10016188,深Ａ,SZ00000302,方正证券股份有限公司,401,冀东水泥,卖出成交,16.67,100.00 ,0,"1,667.00","1,667.00","1,665.19",2019/7/25 10:40,16.67,"5,400",0,0,柜台,395106,股票,正常买卖,302,302,总公司,自营,99998-默认经纪人,1.04E+14,88213,293962,普通交易卖出,,,,0,1.67,0,0,0,0.08,0.03,0.03,0,1.81,0,,普通帐户,TS,,,,,0,1,,,
10016188,深Ａ,SZ00000302,方正证券股份有限公司,401,冀东水泥,卖出成交,16.67,100.00 ,0,"1,667.00","1,667.00","1,665.19",2019/7/25 10:40,16.67,"5,400",0,0,柜台,395106,股票,正常买卖,302,302,总公司,自营,99998-默认经纪人,1.04E+14,88213,293964,普通交易卖出,,,,0,1.67,0,0,0,0.08,0.03,0.03,0,1.81,0,,普通帐户,TS,,,,,0,1,,,
10016188,深Ａ,SZ00000302,方正证券股份有限公司,401,冀东水泥,卖出成交,16.67,100.00 ,0,"1,667.00","1,667.00","1,665.19",2019/7/25 10:40,16.67,"5,400",0,0,柜台,395106,股票,正常买卖,302,302,总公司,自营,99998-默认经纪人,1.04E+14,88213,293966,普通交易卖出,,,,0,1.67,0,0,0,0.08,0.03,0.03,0,1.81,0,,普通帐户,TS,,,,,0,1,,,
10016188,深Ａ,SZ00000302,方正证券股份有限公司,401,冀东水泥,卖出成交,16.67,100.00 ,0,"1,667.00","1,667.00","1,665.19",2019/7/25 10:40,16.67,"5,400",0,0,柜台,395106,股票,正常买卖,302,302,总公司,自营,99998-默认经纪人,1.04E+14,88213,293970,普通交易卖出,,,,0,1.67,0,0,0,0.08,0.03,0.03,0,1.81,0,,普通帐户,TS,,,,,0,1,,,
10016119,深Ａ,SZ00000302,方正证券股份有限公司,2707,众信旅游,卖出成交,5.76,100.00 ,0,576,576,575.37,2019/7/25 10:40,5.76,"6,400",0,0,柜台,395106,股票,正常买卖,302,302,总公司,自营,99998-默认经纪人,1.04E+14,88213,293972,普通交易卖出,,,,0,0.58,0,0,0,0.03,0.01,0.01,0,0.63,0,,普通帐户,TS,,,,,0,1,,,
10016119,深Ａ,SZ00000302,方正证券股份有限公司,2707,众信旅游,卖出成交,5.76,100.00 ,0,576,576,575.37,2019/7/25 10:40,5.76,"6,400",0,0,柜台,395106,股票,正常买卖,302,302,总公司,自营,99998-默认经纪人,1.04E+14,88213,293974,普通交易卖出,,,,0,0.58,0,0,0,0.03,0.01,0.01,0,0.63,0,,普通帐户,TS,,,,,0,1,,,
10016119,深Ａ,SZ00000302,方正证券股份有限公司,2707,众信旅游,卖出成交,5.76,100.00 ,0,576,576,575.37,2019/7/25 10:40,5.76,"6,400",0,0,柜台,395106,股票,正常买卖,302,302,总公司,自营,99998-默认经纪人,1.04E+14,88213,293976,普通交易卖出,,,,0,0.58,0,0,0,0.03,0.01,0.01,0,0.63,0,,普通帐户,TS,,,,,0,1,,,
10016119,深Ａ,SZ00000302,方正证券股份有限公司,2707,众信旅游,卖出成交,5.76,100.00 ,0,576,576,575.37,2019/7/25 10:40,5.76,"6,400",0,0,柜台,395106,股票,正常买卖,302,302,总公司,自营,99998-默认经纪人,1.04E+14,88213,293978,普通交易卖出,,,,0,0.58,0,0,0,0.03,0.01,0.01,0,0.63,0,,普通帐户,TS,,,,,0,1,,,
10016119,深Ａ,SZ00000302,方正证券股份有限公司,2707,众信旅游,卖出成交,5.76,100.00 ,0,576,576,575.37,2019/7/25 10:40,5.76,"6,400",0,0,柜台,395106,股票,正常买卖,302,302,总公司,自营,99998-默认经纪人,1.04E+14,88213,293980,普通交易卖出,,,,0,0.58,0,0,0,0.03,0.01,0.01,0,0.63,0,,普通帐户,TS,,,,,0,1,,,
10016119,深Ａ,SZ00000302,方正证券股份有限公司,2707,众信旅游,卖出成交,5.76,100.00 ,0,576,576,575.37,2019/7/25 10:40,5.76,"6,400",0,0,柜台,395106,股票,正常买卖,302,302,总公司,自营,99998-默认经纪人,1.04E+14,88213,293987,普通交易卖出,,,,0,0.58,0,0,0,0.03,0.01,0.01,0,0.63,0,,普通帐户,TS,,,,,0,1,,,
10016119,深Ａ,SZ00000302,方正证券股份有限公司,2707,众信旅游,卖出成交,5.76,100.00 ,0,576,576,575.37,2019/7/25 10:40,5.76,"6,400",0,0,柜台,395106,股票,正常买卖,302,302,总公司,自营,99998-默认经纪人,1.04E+14,88213,293992,普通交易卖出,,,,0,0.58,0,0,0,0.03,0.01,0.01,0,0.63,0,,普通帐户,TS,,,,,0,1,,,
10016119,深Ａ,SZ00000302,方正证券股份有限公司,2707,众信旅游,卖出成交,5.76,100.00 ,0,576,576,575.37,2019/7/25 10:40,5.76,"6,400",0,0,柜台,395106,股票,正常买卖,302,302,总公司,自营,99998-默认经纪人,1.04E+14,88213,190521,普通交易卖出,,,,0,0.58,0,0,0,0.03,0.01,0.01,0,0.63,0,,普通帐户,TS,,,,,0,1,,,
1000081672,沪Ａ,SH00000302,方正证券股份有限公司,601377,兴业证券,卖出成交,6.58,600.00 ,0,"3,948.00","3,948.00","3,943.70",2019/7/25 10:40,6.58,"1,300",0,0,柜台,28450,股票,正常买卖,302,302,总公司,自营,99998-默认经纪人,4784509,88213,190525,普通交易卖出,,1月1日,16690,0,3.95,0,0,0,0.19,0.08,0.08,0,4.3,0,,普通帐户,TS,,,,,0,1,,,
1000081672,沪Ａ,SH00000302,方正证券股份有限公司,601377,兴业证券,卖出成交,6.58,300.00 ,0,"1,974.00","1,974.00","1,971.85",2019/7/25 10:40,6.58,"1,300",0,0,柜台,28450,股票,正常买卖,302,302,总公司,自营,99998-默认经纪人,4784513,88213,190526,普通交易卖出,,1月1日,16710,0,1.97,0,0,0,0.1,0.04,0.04,0,2.15,0,,普通帐户,TS,,,,,0,1,,,
10016119,深Ａ,SZ00000302,方正证券股份有限公司,2707,众信旅游,卖出成交,5.76,100.00 ,0,576,576,575.37,2019/7/25 10:40,5.76,"6,400",0,0,柜台,395106,股票,正常买卖,302,302,总公司,自营,99998-默认经纪人,1.04E+14,88213,190531,普通交易卖出,,,,0,0.58,0,0,0,0.03,0.01,0.01,0,0.63,0,,普通帐户,TS,,,,,0,1,,,
1000081691,沪Ａ,SH00000302,方正证券股份有限公司,600837,海通证券,卖出成交,13.98,100.00 ,0,"1,398.00","1,398.00","1,396.47",2019/7/25 10:40,13.98,"4,400",0,0,柜台,28450,股票,正常买卖,302,302,总公司,自营,99998-默认经纪人,4786248,88213,190535,普通交易卖出,,2月2日,13290,0,1.4,0,0,0,0.07,0.03,0.03,0,1.53,0,,普通帐户,TS,,,,,0,1,,,
1000081691,沪Ａ,SH00000302,方正证券股份有限公司,600837,海通证券,卖出成交,13.98,100.00 ,0,"1,398.00","1,398.00","1,396.47",2019/7/25 10:40,13.98,"4,400",0,0,柜台,28450,股票,正常买卖,302,302,总公司,自营,99998-默认经纪人,4786275,88213,190536,普通交易卖出,,2月2日,13320,0,1.4,0,0,0,0.07,0.03,0.03,0,1.53,0,,普通帐户,TS,,,,,0,1,,,
1000081691,沪Ａ,SH00000302,方正证券股份有限公司,600837,海通证券,卖出成交,13.98,100.00 ,0,"1,398.00","1,398.00","1,396.47",2019/7/25 10:40,13.98,"4,400",0,0,柜台,28450,股票,正常买卖,302,302,总公司,自营,99998-默认经纪人,4786145,88213,190539,普通交易卖出,,2月2日,13280,0,1.4,0,0,0,0.07,0.03,0.03,0,1.53,0,,普通帐户,TS,,,,,0,1,,,
1000081691,沪Ａ,SH00000302,方正证券股份有限公司,600837,海通证券,卖出成交,13.98,100.00 ,0,"1,398.00","1,398.00","1,396.47",2019/7/25 10:40,13.98,"4,400",0,0,柜台,28450,股票,正常买卖,302,302,总公司,自营,99998-默认经纪人,4786310,88213,190541,普通交易卖出,,2月2日,13340,0,1.4,0,0,0,0.07,0.03,0.03,0,1.53,0,,普通帐户,TS,,,,,0,1,,,
1000081691,沪Ａ,SH00000302,方正证券股份有限公司,600837,海通证券,卖出成交,13.98,100.00 ,0,"1,398.00","1,398.00","1,396.47",2019/7/25 10:40,13.98,"4,400",0,0,柜台,28450,股票,正常买卖,302,302,总公司,自营,99998-默认经纪人,4786311,88213,190542,普通交易卖出,,2月2日,13350,0,1.4,0,0,0,0.07,0.03,0.03,0,1.53,0,,普通帐户,TS,,,,,0,1,,,
1000081691,沪Ａ,SH00000302,方正证券股份有限公司,600837,海通证券,卖出成交,13.98,100.00 ,0,"1,398.00","1,398.00","1,396.47",2019/7/25 10:40,13.98,"4,400",0,0,柜台,28450,股票,正常买卖,302,302,总公司,自营,99998-默认经纪人,4786312,88213,190543,普通交易卖出,,2月2日,13360,0,1.4,0,0,0,0.07,0.03,0.03,0,1.53,0,,普通帐户,TS,,,,,0,1,,,
1000081691,沪Ａ,SH00000302,方正证券股份有限公司,600837,海通证券,卖出成交,13.98,100.00 ,0,"1,398.00","1,398.00","1,396.47",2019/7/25 10:40,13.98,"4,400",0,0,柜台,28450,股票,正常买卖,302,302,总公司,自营,99998-默认经纪人,4786313,88213,190544,普通交易卖出,,2月2日,13370,0,1.4,0,0,0,0.07,0.03,0.03,0,1.53,0,,普通帐户,TS,,,,,0,1,,,
1000081691,沪Ａ,SH00000302,方正证券股份有限公司,600837,海通证券,卖出成交,13.98,100.00 ,0,"1,398.00","1,398.00","1,396.47",2019/7/25 10:40,13.98,"4,400",0,0,柜台,28450,股票,正常买卖,302,302,总公司,自营,99998-默认经纪人,4786317,88213,190545,普通交易卖出,,2月2日,13380,0,1.4,0,0,0,0.07,0.03,0.03,0,1.53,0,,普通帐户,TS,,,,,0,1,,,
1000081691,沪Ａ,SH00000302,方正证券股份有限公司,600837,海通证券,卖出成交,13.98,100.00 ,0,"1,398.00","1,398.00","1,396.47",2019/7/25 10:40,13.98,"4,400",0,0,柜台,28450,股票,正常买卖,302,302,总公司,自营,99998-默认经纪人,4786318,88213,190546,普通交易卖出,,2月2日,13390,0,1.4,0,0,0,0.07,0.03,0.03,0,1.53,0,,普通帐户,TS,,,,,0,1,,,
1000081691,沪Ａ,SH00000302,方正证券股份有限公司,600837,海通证券,卖出成交,13.98,100.00 ,0,"1,398.00","1,398.00","1,396.47",2019/7/25 10:40,13.98,"4,400",0,0,柜台,28450,股票,正常买卖,302,302,总公司,自营,99998-默认经纪人,4786319,88213,190547,普通交易卖出,,2月2日,13400,0,1.4,0,0,0,0.07,0.03,0.03,0,1.53,0,,普通帐户,TS,,,,,0,1,,,
1000081682,沪Ａ,SH00000302,方正证券股份有限公司,600739,辽宁成大,卖出成交,14.01,200.00 ,0,"2,802.00","2,802.00","2,798.94",2019/7/25 10:40,14.01,"4,100",0,0,柜台,28450,股票,正常买卖,302,302,总公司,自营,99998-默认经纪人,4786321,88213,190548,普通交易卖出,,5月5日,21650,0,2.8,0,0,0,0.14,0.06,0.06,0,3.06,0,,普通帐户,TS,,,,,0,1,,,
1000081672,沪Ａ,SH00000302,方正证券股份有限公司,601377,兴业证券,卖出成交,6.58,400.00 ,0,"2,632.00","2,632.00","2,629.14",2019/7/25 10:40,6.58,"1,300",0,0,柜台,28450,股票,正常买卖,302,302,总公司,自营,99998-默认经纪人,4784511,88213,294001,普通交易卖出,,1月1日,16700,0,2.63,0,0,0,0.13,0.05,0.05,0,2.86,0,,普通帐户,TS,,,,,0,1,,,
1000081698,沪Ａ,SH00000302,方正证券股份有限公司,600675,中华企业,卖出成交,5.12,100.00 ,0,512,512,511.45,2019/7/25 10:40,5.12,"7,000",0,0,柜台,28450,股票,正常买卖,302,302,总公司,自营,99998-默认经纪人,4785387,88213,294007,普通交易卖出,,6月6日,15620,0,0.51,0,0,0,0.02,0.01,0.01,0,0.55,0,,普通帐户,TS,,,,,0,1,,,
1000081691,沪Ａ,SH00000302,方正证券股份有限公司,600837,海通证券,卖出成交,13.98,2000.00 ,0,"27,960.00","27,960.00","27,929.56",2019/7/25 10:40,13.98,"4,400",0,0,柜台,28450,股票,正常买卖,302,302,总公司,自营,99998-默认经纪人,4786121,88213,294021,普通交易卖出,,2月2日,13270,0,27.96,0,0,0,1.36,0.56,0.56,0,30.44,0,,普通帐户,TS,,,,,0,1,,,
1000081691,沪Ａ,SH00000302,方正证券股份有限公司,600837,海通证券,卖出成交,13.98,100.00 ,0,"1,398.00","1,398.00","1,396.47",2019/7/25 10:40,13.98,"4,400",0,0,柜台,28450,股票,正常买卖,302,302,总公司,自营,99998-默认经纪人,4786254,88213,294023,普通交易卖出,,2月2日,13300,0,1.4,0,0,0,0.07,0.03,0.03,0,1.53,0,,普通帐户,TS,,,,,0,1,,,
1000081676,沪Ａ,SH00000302,方正证券股份有限公司,600699,均胜电子,卖出成交,21.9,100.00 ,0,"2,190.00","2,190.00","2,187.62",2019/7/25 10:40,21.9,"3,300",0,0,柜台,28450,股票,正常买卖,302,302,总公司,自营,99998-默认经纪人,4786302,88213,294025,普通交易卖出,,2月2日,13330,0,2.19,0,0,0,0.11,0.04,0.04,0,2.38,0,,普通帐户,TS,,,,,0,1,,,
1000081691,沪Ａ,SH00000302,方正证券股份有限公司,600837,海通证券,卖出成交,13.98,200.00 ,0,"2,796.00","2,796.00","2,792.94",2019/7/25 10:40,13.98,"4,400",0,0,柜台,28450,股票,正常买卖,302,302,总公司,自营,99998-默认经纪人,4786260,88213,294027,普通交易卖出,,2月2日,13310,0,2.8,0,0,0,0.14,0.06,0.06,0,3.06,0,,普通帐户,TS,,,,,0,1,,,
1000081691,沪Ａ,SH00000302,方正证券股份有限公司,600837,海通证券,卖出成交,13.98,900.00 ,0,"12,582.00","12,582.00","12,568.31",2019/7/25 10:40,13.98,"4,400",0,0,柜台,28450,股票,正常买卖,302,302,总公司,自营,99998-默认经纪人,4786750,88213,190551,普通交易卖出,,2月2日,13440,0,12.58,0,0,0,0.61,0.25,0.25,0,13.69,0,,普通帐户,TS,,,,,0,1,,,
1000081691,沪Ａ,SH00000302,方正证券股份有限公司,600837,海通证券,卖出成交,13.98,100.00 ,0,"1,398.00","1,398.00","1,396.47",2019/7/25 10:40,13.98,"4,400",0,0,柜台,28450,股票,正常买卖,302,302,总公司,自营,99998-默认经纪人,4786564,88213,190553,普通交易卖出,,2月2日,13420,0,1.4,0,0,0,0.07,0.03,0.03,0,1.53,0,,普通帐户,TS,,,,,0,1,,,
10016177,深Ａ,SZ00000302,方正证券股份有限公司,2573,清新环境,卖出成交,7.3,2300.00 ,0,"16,790.00","16,790.00","16,771.71",2019/7/25 10:40,7.3,"2,300",0,0,柜台,395106,股票,正常买卖,302,302,总公司,自营,99998-默认经纪人,1.02E+14,88213,190555,普通交易卖出,,,,0,16.79,0,0,0,0.82,0.34,0.34,0,18.29,0,,普通帐户,TS,,,,,0,1,,,
1000081691,沪Ａ,SH00000302,方正证券股份有限公司,600837,海通证券,卖出成交,13.98,100.00 ,0,"1,398.00","1,398.00","1,396.47",2019/7/25 10:40,13.98,"4,400",0,0,柜台,28450,股票,正常买卖,302,302,总公司,自营,99998-默认经纪人,4786696,88213,294029,普通交易卖出,,2月2日,13430,0,1.4,0,0,0,0.07,0.03,0.03,0,1.53,0,,普通帐户,TS,,,,,0,1,,,
1000081676,沪Ａ,SH00000302,方正证券股份有限公司,600699,均胜电子,卖出成交,21.9,100.00 ,0,"2,190.00","2,190.00","2,187.62",2019/7/25 10:40,21.9,"3,300",0,0,柜台,28450,股票,正常买卖,302,302,总公司,自营,99998-默认经纪人,4786387,88213,294031,普通交易卖出,,2月2日,13410,0,2.19,0,0,0,0.11,0.04,0.04,0,2.38,0,,普通帐户,TS,,,,,0,1,,,
10016189,深Ａ,SZ00000302,方正证券股份有限公司,936,华西股份,卖出成交,8.62,1700.00 ,0,"14,654.00","14,654.00","14,638.06",2019/7/25 10:40,8.62,"3,000",0,0,柜台,395106,股票,正常买卖,302,302,总公司,自营,99998-默认经纪人,1.01E+14,88213,294033,普通交易卖出,,,,0,14.65,0,0,0,0.71,0.29,0.29,0,15.94,0,,普通帐户,TS,,,,,0,1,,,
10016128,深Ａ,SZ00000302,方正证券股份有限公司,2803,吉宏股份,卖出成交,19.4,100.00 ,0,"1,940.00","1,940.00","1,937.89",2019/7/25 10:40,19.4,800,0,0,柜台,395106,股票,正常买卖,302,302,总公司,自营,99998-默认经纪人,1.03E+14,88213,190559,普通交易卖出,,,,0,1.94,0,0,0,0.09,0.04,0.04,0,2.11,0,,普通帐户,TS,,,,,0,1,,,
10016119,深Ａ,SZ00000302,方正证券股份有限公司,2707,众信旅游,卖出成交,5.76,100.00 ,0,576,576,575.37,2019/7/25 10:40,5.76,"6,400",0,0,柜台,395106,股票,正常买卖,302,302,总公司,自营,99998-默认经纪人,1.04E+14,88213,190561,普通交易卖出,,,,0,0.58,0,0,0,0.03,0.01,0.01,0,0.63,0,,普通帐户,TS,,,,,0,1,,,
10016128,深Ａ,SZ00000302,方正证券股份有限公司,2803,吉宏股份,卖出成交,19.4,100.00 ,0,"1,940.00","1,940.00","1,937.89",2019/7/25 10:40,19.4,800,0,0,柜台,395106,股票,正常买卖,302,302,总公司,自营,99998-默认经纪人,1.03E+14,88213,294058,普通交易卖出,,,,0,1.94,0,0,0,0.09,0.04,0.04,0,2.11,0,,普通帐户,TS,,,,,0,1,,,
10016128,深Ａ,SZ00000302,方正证券股份有限公司,2803,吉宏股份,卖出成交,19.4,100.00 ,0,"1,940.00","1,940.00","1,937.89",2019/7/25 10:40,19.4,800,0,0,柜台,395106,股票,正常买卖,302,302,总公司,自营,99998-默认经纪人,1.03E+14,88213,294060,普通交易卖出,,,,0,1.94,0,0,0,0.09,0.04,0.04,0,2.11,0,,普通帐户,TS,,,,,0,1,,,
10016128,深Ａ,SZ00000302,方正证券股份有限公司,2803,吉宏股份,卖出成交,19.4,100.00 ,0,"1,940.00","1,940.00","1,937.89",2019/7/25 10:40,19.4,800,0,0,柜台,395106,股票,正常买卖,302,302,总公司,自营,99998-默认经纪人,1.03E+14,88213,294062,普通交易卖出,,,,0,1.94,0,0,0,0.09,0.04,0.04,0,2.11,0,,普通帐户,TS,,,,,0,1,,,
10016119,深Ａ,SZ00000302,方正证券股份有限公司,2707,众信旅游,卖出成交,5.76,100.00 ,0,576,576,575.37,2019/7/25 10:40,5.76,"6,400",0,0,柜台,395106,股票,正常买卖,302,302,总公司,自营,99998-默认经纪人,1.04E+14,88213,294064,普通交易卖出,,,,0,0.58,0,0,0,0.03,0.01,0.01,0,0.63,0,,普通帐户,TS,,,,,0,1,,,
1000081698,沪Ａ,SH00000302,方正证券股份有限公司,600675,中华企业,卖出成交,5.12,100.00 ,0,512,512,511.45,2019/7/25 10:40,5.12,"7,000",0,0,柜台,28450,股票,正常买卖,302,302,总公司,自营,99998-默认经纪人,4788919,88213,190569,普通交易卖出,,6月6日,15630,0,0.51,0,0,0,0.02,0.01,0.01,0,0.55,0,,普通帐户,TS,,,,,0,1,,,
10016128,深Ａ,SZ00000302,方正证券股份有限公司,2803,吉宏股份,卖出成交,19.4,100.00 ,0,"1,940.00","1,940.00","1,937.89",2019/7/25 10:40,19.4,800,0,0,柜台,395106,股票,正常买卖,302,302,总公司,自营,99998-默认经纪人,1.03E+14,88213,190571,普通交易卖出,,,,0,1.94,0,0,0,0.09,0.04,0.04,0,2.11,0,,普通帐户,TS,,,,,0,1,,,
1000081676,沪Ａ,SH00000302,方正证券股份有限公司,600699,均胜电子,卖出成交,21.9,100.00 ,0,"2,190.00","2,190.00","2,187.62",2019/7/25 10:40,21.9,"3,300",0,0,柜台,28450,股票,正常买卖,302,302,总公司,自营,99998-默认经纪人,4789467,88213,190579,普通交易卖出,,2月2日,13450,0,2.19,0,0,0,0.11,0.04,0.04,0,2.38,0,,普通帐户,TS,,,,,0,1,,,
10016128,深Ａ,SZ00000302,方正证券股份有限公司,2803,吉宏股份,卖出成交,19.4,300.00 ,0,"5,820.00","5,820.00","5,813.66",2019/7/25 10:40,19.4,800,0,0,柜台,395106,股票,正常买卖,302,302,总公司,自营,99998-默认经纪人,1.03E+14,88213,294088,普通交易卖出,,,,0,5.82,0,0,0,0.28,0.12,0.12,0,6.34,0,,普通帐户,TS,,,,,0,1,,,
10016171,深Ａ,SZ00000302,方正证券股份有限公司,2405,四维图新,卖出成交,14.87,1200.00 ,0,"17,844.00","17,844.00","17,824.57",2019/7/25 10:40,14.87,"1,200",0,0,柜台,395106,股票,正常买卖,302,302,总公司,自营,99998-默认经纪人,1.03E+14,88213,294096,普通交易卖出,,,,0,17.84,0,0,0,0.87,0.36,0.36,0,19.43,0,,普通帐户,TS,,,,,0,1,,,
1000081682,沪Ａ,SH00000302,方正证券股份有限公司,600739,辽宁成大,卖出成交,14.01,200.00 ,0,"2,802.00","2,802.00","2,798.94",2019/7/25 10:40,14.01,"4,100",0,0,柜台,28450,股票,正常买卖,302,302,总公司,自营,99998-默认经纪人,4789479,88213,294142,普通交易卖出,,5月5日,21690,0,2.8,0,0,0,0.14,0.06,0.06,0,3.06,0,,普通帐户,TS,,,,,0,1,,,
10016195,深Ａ,SZ00000302,方正证券股份有限公司,686,东北证券,卖出成交,9.03,3800.00 ,0,"34,314.00","34,314.00","34,276.64",2019/7/25 10:40,9.03,"3,800",0,0,柜台,395106,股票,正常买卖,302,302,总公司,自营,99998-默认经纪人,1.04E+14,88213,294148,普通交易卖出,,,,0,34.31,0,0,0,1.67,0.69,0.69,0,37.36,0,,普通帐户,TS,,,,,0,1,,,
10016119,深Ａ,SZ00000302,方正证券股份有限公司,2707,众信旅游,卖出成交,5.76,100.00 ,0,576,576,575.37,2019/7/25 10:40,5.76,"6,400",0,0,柜台,395106,股票,正常买卖,302,302,总公司,自营,99998-默认经纪人,1.04E+14,88213,190585,普通交易卖出,,,,0,0.58,0,0,0,0.03,0.01,0.01,0,0.63,0,,普通帐户,TS,,,,,0,1,,,
10016159,深Ａ,SZ00000302,方正证券股份有限公司,2065,东华软件,卖出成交,6.76,600.00 ,0,"4,056.00","4,056.00","4,051.58",2019/7/25 10:40,6.76,"6,000",0,0,柜台,395106,股票,正常买卖,302,302,总公司,自营,99998-默认经纪人,1.01E+14,88213,190587,普通交易卖出,,,,0,4.06,0,0,0,0.2,0.08,0.08,0,4.42,0,,普通帐户,TS,,,,,0,1,,,
10016159,深Ａ,SZ00000302,方正证券股份有限公司,2065,东华软件,卖出成交,6.76,300.00 ,0,"2,028.00","2,028.00","2,025.79",2019/7/25 10:40,6.76,"6,000",0,0,柜台,395106,股票,正常买卖,302,302,总公司,自营,99998-默认经纪人,1.01E+14,88213,190589,普通交易卖出,,,,0,2.03,0,0,0,0.1,0.04,0.04,0,2.21,0,,普通帐户,TS,,,,,0,1,,,
10016159,深Ａ,SZ00000302,方正证券股份有限公司,2065,东华软件,卖出成交,6.76,1500.00 ,0,"10,140.00","10,140.00","10,128.97",2019/7/25 10:40,6.76,"6,000",0,0,柜台,395106,股票,正常买卖,302,302,总公司,自营,99998-默认经纪人,1.01E+14,88213,190591,普通交易卖出,,,,0,10.14,0,0,0,0.49,0.2,0.2,0,11.03,0,,普通帐户,TS,,,,,0,1,,,
10016159,深Ａ,SZ00000302,方正证券股份有限公司,2065,东华软件,卖出成交,6.76,600.00 ,0,"4,056.00","4,056.00","4,051.58",2019/7/25 10:40,6.76,"6,000",0,0,柜台,395106,股票,正常买卖,302,302,总公司,自营,99998-默认经纪人,1.01E+14,88213,190593,普通交易卖出,,,,0,4.06,0,0,0,0.2,0.08,0.08,0,4.42,0,,普通帐户,TS,,,,,0,1,,,
10016159,深Ａ,SZ00000302,方正证券股份有限公司,2065,东华软件,卖出成交,6.76,329.00 ,0,"2,224.04","2,224.04","2,221.63",2019/7/25 10:40,6.76,"6,000",0,0,柜台,395106,股票,正常买卖,302,302,总公司,自营,99998-默认经纪人,1.01E+14,88213,294168,普通交易卖出,,,,0,2.22,0,0,0,0.11,0.04,0.04,0,2.41,0,,普通帐户,TS,,,,,0,1,,,
10016159,深Ａ,SZ00000302,方正证券股份有限公司,2065,东华软件,卖出成交,6.76,600.00 ,0,"4,056.00","4,056.00","4,051.58",2019/7/25 10:40,6.76,"6,000",0,0,柜台,395106,股票,正常买卖,302,302,总公司,自营,99998-默认经纪人,1.01E+14,88213,294170,普通交易卖出,,,,0,4.06,0,0,0,0.2,0.08,0.08,0,4.42,0,,普通帐户,TS,,,,,0,1,,,
10016159,深Ａ,SZ00000302,方正证券股份有限公司,2065,东华软件,卖出成交,6.76,1100.00 ,0,"7,436.00","7,436.00","7,427.90",2019/7/25 10:40,6.76,"6,000",0,0,柜台,395106,股票,正常买卖,302,302,总公司,自营,99998-默认经纪人,1.01E+14,88213,294172,普通交易卖出,,,,0,7.44,0,0,0,0.36,0.15,0.15,0,8.1,0,,普通帐户,TS,,,,,0,1,,,
10016119,深Ａ,SZ00000302,方正证券股份有限公司,2707,众信旅游,卖出成交,5.76,100.00 ,0,576,576,575.37,2019/7/25 10:40,5.76,"6,400",0,0,柜台,395106,股票,正常买卖,302,302,总公司,自营,99998-默认经纪人,1.04E+14,88213,294174,普通交易卖出,,,,0,0.58,0,0,0,0.03,0.01,0.01,0,0.63,0,,普通帐户,TS,,,,,0,1,,,
10016159,深Ａ,SZ00000302,方正证券股份有限公司,2065,东华软件,卖出成交,6.76,800.00 ,0,"5,408.00","5,408.00","5,402.11",2019/7/25 10:40,6.76,"6,000",0,0,柜台,395106,股票,正常买卖,302,302,总公司,自营,99998-默认经纪人,1.01E+14,88213,294184,普通交易卖出,,,,0,5.41,0,0,0,0.26,0.11,0.11,0,5.89,0,,普通帐户,TS,,,,,0,1,,,
1000081698,沪Ａ,SH00000302,方正证券股份有限公司,600675,中华企业,卖出成交,5.12,900.00 ,0,"4,608.00","4,608.00","4,602.99",2019/7/25 10:40,5.12,"7,000",0,0,柜台,28450,股票,正常买卖,302,302,总公司,自营,99998-默认经纪人,4790855,88213,294205,普通交易卖出,,6月6日,15640,0,4.61,0,0,0,0.22,0.09,0.09,0,5.01,0,,普通帐户,TS,,,,,0,1,,,
1000081698,沪Ａ,SH00000302,方正证券股份有限公司,600675,中华企业,卖出成交,5.12,100.00 ,0,512,512,511.45,2019/7/25 10:40,5.12,"7,000",0,0,柜台,28450,股票,正常买卖,302,302,总公司,自营,99998-默认经纪人,4791122,88213,190598,普通交易卖出,,6月6日,15650,0,0.51,0,0,0,0.02,0.01,0.01,0,0.55,0,,普通帐户,TS,,,,,0,1,,,
1000081682,沪Ａ,SH00000302,方正证券股份有限公司,600739,辽宁成大,卖出成交,14.01,200.00 ,0,"2,802.00","2,802.00","2,798.94",2019/7/25 10:40,14.01,"4,100",0,0,柜台,28450,股票,正常买卖,302,302,总公司,自营,99998-默认经纪人,4791788,88213,190602,普通交易卖出,,5月5日,21700,0,2.8,0,0,0,0.14,0.06,0.06,0,3.06,0,,普通帐户,TS,,,,,0,1,,,
1000081682,沪Ａ,SH00000302,方正证券股份有限公司,600739,辽宁成大,卖出成交,14.01,200.00 ,0,"2,802.00","2,802.00","2,798.94",2019/7/25 10:40,14.01,"4,100",0,0,柜台,28450,股票,正常买卖,302,302,总公司,自营,99998-默认经纪人,4791992,88213,190605,普通交易卖出,,5月5日,21720,0,2.8,0,0,0,0.14,0.06,0.06,0,3.06,0,,普通帐户,TS,,,,,0,1,,,
1000081682,沪Ａ,SH00000302,方正证券股份有限公司,600739,辽宁成大,卖出成交,14.01,100.00 ,0,"1,401.00","1,401.00","1,399.47",2019/7/25 10:40,14.01,"4,100",0,0,柜台,28450,股票,正常买卖,302,302,总公司,自营,99998-默认经纪人,4791817,88213,294246,普通交易卖出,,5月5日,21710,0,1.4,0,0,0,0.07,0.03,0.03,0,1.53,0,,普通帐户,TS,,,,,0,1,,,
10016199,深Ａ,SZ00000302,方正证券股份有限公司,2648,卫星石化,卖出成交,13.84,1200.00 ,0,"16,608.00","16,608.00","16,589.92",2019/7/25 10:40,13.84,"2,900",0,0,柜台,395106,股票,正常买卖,302,302,总公司,自营,99998-默认经纪人,1.02E+14,88213,190614,普通交易卖出,,,,0,16.61,0,0,0,0.81,0.33,0.33,0,18.08,0,,普通帐户,TS,,,,,0,1,,,
1000081676,沪Ａ,SH00000302,方正证券股份有限公司,600699,均胜电子,卖出成交,21.9,100.00 ,0,"2,190.00","2,190.00","2,187.62",2019/7/25 10:40,21.9,"3,300",0,0,柜台,28450,股票,正常买卖,302,302,总公司,自营,99998-默认经纪人,4792124,88213,294257,普通交易卖出,,2月2日,13460,0,2.19,0,0,0,0.11,0.04,0.04,0,2.38,0,,普通帐户,TS,,,,,0,1,,,
1000081682,沪Ａ,SH00000302,方正证券股份有限公司,600739,辽宁成大,卖出成交,14.01,200.00 ,0,"2,802.00","2,802.00","2,798.94",2019/7/25 10:40,14.01,"4,100",0,0,柜台,28450,股票,正常买卖,302,302,总公司,自营,99998-默认经纪人,4792525,88213,294260,普通交易卖出,,5月5日,21760,0,2.8,0,0,0,0.14,0.06,0.06,0,3.06,0,,普通帐户,TS,,,,,0,1,,,
10016159,深Ａ,SZ00000302,方正证券股份有限公司,2065,东华软件,卖出成交,6.76,71.00 ,0,479.96,479.96,479.44,2019/7/25 10:40,6.76,"6,000",0,0,柜台,395106,股票,正常买卖,302,302,总公司,自营,99998-默认经纪人,1.01E+14,88213,190627,普通交易卖出,,,,0,0.48,0,0,0,0.02,0.01,0.01,0,0.52,0,,普通帐户,TS,,,,,0,1,,,
10016186,深Ａ,SZ00000302,方正证券股份有限公司,2139,拓邦股份,卖出成交,5.8,1400.00 ,0,"8,120.00","8,120.00","8,111.16",2019/7/25 10:40,5.8,"2,400",0,0,柜台,395106,股票,正常买卖,302,302,总公司,自营,99998-默认经纪人,1.03E+14,88213,190629,普通交易卖出,,,,0,8.12,0,0,0,0.4,0.16,0.16,0,8.84,0,,普通帐户,TS,,,,,0,1,,,
1000081674,沪Ａ,SH00000302,方正证券股份有限公司,600053,九鼎投资,卖出成交,23.48,1000.00 ,0,"23,480.00","23,480.00","23,454.44",2019/7/25 10:40,23.48,"1,000",0,0,柜台,28450,股票,正常买卖,302,302,总公司,自营,99998-默认经纪人,4793134,88213,190631,普通交易卖出,,2月2日,13470,0,23.48,0,0,0,1.14,0.47,0.47,0,25.56,0,,普通帐户,TS,,,,,0,1,,,
10016159,深Ａ,SZ00000302,方正证券股份有限公司,2065,东华软件,卖出成交,6.76,100.00 ,0,676,676,675.27,2019/7/25 10:40,6.76,"6,000",0,0,柜台,395106,股票,正常买卖,302,302,总公司,自营,99998-默认经纪人,1.01E+14,88213,294291,普通交易卖出,,,,0,0.68,0,0,0,0.03,0.01,0.01,0,0.73,0,,普通帐户,TS,,,,,0,1,,,
10016119,深Ａ,SZ00000302,方正证券股份有限公司,2707,众信旅游,卖出成交,5.76,100.00 ,0,576,576,575.37,2019/7/25 10:40,5.76,"6,400",0,0,柜台,395106,股票,正常买卖,302,302,总公司,自营,99998-默认经纪人,1.04E+14,88213,294294,普通交易卖出,,,,0,0.58,0,0,0,0.03,0.01,0.01,0,0.63,0,,普通帐户,TS,,,,,0,1,,,
1000081698,沪Ａ,SH00000302,方正证券股份有限公司,600675,中华企业,卖出成交,5.12,100.00 ,0,512,512,511.45,2019/7/25 10:40,5.12,"7,000",0,0,柜台,28450,股票,正常买卖,302,302,总公司,自营,99998-默认经纪人,4794069,88213,190657,普通交易卖出,,6月6日,15660,0,0.51,0,0,0,0.02,0.01,0.01,0,0.55,0,,普通帐户,TS,,,,,0,1,,,
1000081682,沪Ａ,SH00000302,方正证券股份有限公司,600739,辽宁成大,卖出成交,14.01,400.00 ,0,"5,604.00","5,604.00","5,597.91",2019/7/25 10:40,14.01,"4,100",0,0,柜台,28450,股票,正常买卖,302,302,总公司,自营,99998-默认经纪人,4794315,88213,190659,普通交易卖出,,5月5日,21890,0,5.6,0,0,0,0.27,0.11,0.11,0,6.09,0,,普通帐户,TS,,,,,0,1,,,
10016149,深Ａ,SZ00000302,方正证券股份有限公司,2299,圣农发展,卖出成交,26.55,1600.00 ,0,"42,480.00","42,480.00","42,433.75",2019/7/25 10:40,26.55,"1,600",0,0,柜台,395106,股票,正常买卖,302,302,总公司,自营,99998-默认经纪人,1.02E+14,88213,294313,普通交易卖出,,,,0,42.48,0,0,0,2.07,0.85,0.85,0,46.25,0,,普通帐户,TS,,,,,0,1,,,
1000081676,沪Ａ,SH00000302,方正证券股份有限公司,600699,均胜电子,卖出成交,21.9,500.00 ,0,"10,950.00","10,950.00","10,938.08",2019/7/25 10:40,21.9,"3,300",0,0,柜台,28450,股票,正常买卖,302,302,总公司,自营,99998-默认经纪人,4795141,88213,190670,普通交易卖出,,2月2日,13540,0,10.95,0,0,0,0.53,0.22,0.22,0,11.92,0,,普通帐户,TS,,,,,0,1,,,
10016161,深Ａ,SZ00000302,方正证券股份有限公司,2332,仙琚制药,卖出成交,6.7,500.00 ,0,"3,350.00","3,350.00","3,346.35",2019/7/25 10:40,6.7,900,0,0,柜台,395106,股票,正常买卖,302,302,总公司,自营,99998-默认经纪人,1.04E+14,88213,190672,普通交易卖出,,,,0,3.35,0,0,0,0.16,0.07,0.07,0,3.65,0,,普通帐户,TS,,,,,0,1,,,
10016126,深Ａ,SZ00000302,方正证券股份有限公司,300098,高新兴,卖出成交,7.21,900.00 ,0,"6,489.00","6,489.00","6,481.93",2019/7/25 10:40,7.21,900,0,0,柜台,395106,创业板,正常买卖,302,302,总公司,自营,99998-默认经纪人,1.01E+14,88213,294360,普通交易卖出,,,,0,6.49,0,0,0,0.32,0.13,0.13,0,7.07,0,,普通帐户,TS,,,,,0,1,,,
1000081676,沪Ａ,SH00000302,方正证券股份有限公司,600699,均胜电子,卖出成交,21.9,100.00 ,0,"2,190.00","2,190.00","2,187.62",2019/7/25 10:40,21.9,"3,300",0,0,柜台,28450,股票,正常买卖,302,302,总公司,自营,99998-默认经纪人,4794881,88213,294372,普通交易卖出,,2月2日,13530,0,2.19,0,0,0,0.11,0.04,0.04,0,2.38,0,,普通帐户,TS,,,,,0,1,,,
1000081682,沪Ａ,SH00000302,方正证券股份有限公司,600739,辽宁成大,卖出成交,14.01,100.00 ,0,"1,401.00","1,401.00","1,399.47",2019/7/25 10:40,14.01,"4,100",0,0,柜台,28450,股票,正常买卖,302,302,总公司,自营,99998-默认经纪人,4794860,88213,294374,普通交易卖出,,5月5日,21900,0,1.4,0,0,0,0.07,0.03,0.03,0,1.53,0,,普通帐户,TS,,,,,0,1,,,
10016186,深Ａ,SZ00000302,方正证券股份有限公司,2139,拓邦股份,卖出成交,5.8,100.00 ,0,580,580,579.37,2019/7/25 10:40,5.8,"2,400",0,0,柜台,395106,股票,正常买卖,302,302,总公司,自营,99998-默认经纪人,1.03E+14,88213,190676,普通交易卖出,,,,0,0.58,0,0,0,0.03,0.01,0.01,0,0.63,0,,普通帐户,TS,,,,,0,1,,,
10016161,深Ａ,SZ00000302,方正证券股份有限公司,2332,仙琚制药,卖出成交,6.7,100.00 ,0,670,670,669.28,2019/7/25 10:40,6.7,900,0,0,柜台,395106,股票,正常买卖,302,302,总公司,自营,99998-默认经纪人,1.04E+14,88213,190678,普通交易卖出,,,,0,0.67,0,0,0,0.03,0.01,0.01,0,0.72,0,,普通帐户,TS,,,,,0,1,,,
10016186,深Ａ,SZ00000302,方正证券股份有限公司,2139,拓邦股份,卖出成交,5.8,100.00 ,0,580,580,579.37,2019/7/25 10:40,5.8,"2,400",0,0,柜台,395106,股票,正常买卖,302,302,总公司,自营,99998-默认经纪人,1.03E+14,88213,190680,普通交易卖出,,,,0,0.58,0,0,0,0.03,0.01,0.01,0,0.63,0,,普通帐户,TS,,,,,0,1,,,
10016186,深Ａ,SZ00000302,方正证券股份有限公司,2139,拓邦股份,卖出成交,5.8,100.00 ,0,580,580,579.37,2019/7/25 10:40,5.8,"2,400",0,0,柜台,395106,股票,正常买卖,302,302,总公司,自营,99998-默认经纪人,1.03E+14,88213,294401,普通交易卖出,,,,0,0.58,0,0,0,0.03,0.01,0.01,0,0.63,0,,普通帐户,TS,,,,,0,1,,,
10016186,深Ａ,SZ00000302,方正证券股份有限公司,2139,拓邦股份,卖出成交,5.8,100.00 ,0,580,580,579.37,2019/7/25 10:40,5.8,"2,400",0,0,柜台,395106,股票,正常买卖,302,302,总公司,自营,99998-默认经纪人,1.03E+14,88213,294403,普通交易卖出,,,,0,0.58,0,0,0,0.03,0.01,0.01,0,0.63,0,,普通帐户,TS,,,,,0,1,,,
10016119,深Ａ,SZ00000302,方正证券股份有限公司,2707,众信旅游,卖出成交,5.76,100.00 ,0,576,576,575.37,2019/7/25 10:40,5.76,"6,400",0,0,柜台,395106,股票,正常买卖,302,302,总公司,自营,99998-默认经纪人,1.04E+14,88213,294408,普通交易卖出,,,,0,0.58,0,0,0,0.03,0.01,0.01,0,0.63,0,,普通帐户,TS,,,,,0,1,,,
10016119,深Ａ,SZ00000302,方正证券股份有限公司,2707,众信旅游,卖出成交,5.76,100.00 ,0,576,576,575.37,2019/7/25 10:40,5.76,"6,400",0,0,柜台,395106,股票,正常买卖,302,302,总公司,自营,99998-默认经纪人,1.04E+14,88213,294410,普通交易卖出,,,,0,0.58,0,0,0,0.03,0.01,0.01,0,0.63,0,,普通帐户,TS,,,,,0,1,,,
10016186,深Ａ,SZ00000302,方正证券股份有限公司,2139,拓邦股份,卖出成交,5.8,100.00 ,0,580,580,579.37,2019/7/25 10:40,5.8,"2,400",0,0,柜台,395106,股票,正常买卖,302,302,总公司,自营,99998-默认经纪人,1.03E+14,88213,294412,普通交易卖出,,,,0,0.58,0,0,0,0.03,0.01,0.01,0,0.63,0,,普通帐户,TS,,,,,0,1,,,
10016153,深Ａ,SZ00000302,方正证券股份有限公司,2478,常宝股份,卖出成交,6.46,100.00 ,0,646,646,645.3,2019/7/25 10:40,6.46,"1,700",0,0,柜台,395106,股票,正常买卖,302,302,总公司,自营,99998-默认经纪人,1.03E+14,88213,294428,普通交易卖出,,,,0,0.65,0,0,0,0.03,0.01,0.01,0,0.7,0,,普通帐户,TS,,,,,0,1,,,
1000081671,沪Ａ,SH00000302,方正证券股份有限公司,600546,山煤国际,卖出成交,6.78,1800.00 ,0,"12,204.00","12,204.00","12,190.73",2019/7/25 10:40,6.78,"1,800",0,0,柜台,28450,股票,正常买卖,302,302,总公司,自营,99998-默认经纪人,4796598,88213,190693,普通交易卖出,,2月2日,13590,0,12.2,0,0,0,0.59,0.24,0.24,0,13.27,0,,普通帐户,TS,,,,,0,1,,,
1000081698,沪Ａ,SH00000302,方正证券股份有限公司,600675,中华企业,卖出成交,5.12,100.00 ,0,512,512,511.45,2019/7/25 10:40,5.12,"7,000",0,0,柜台,28450,股票,正常买卖,302,302,总公司,自营,99998-默认经纪人,4796422,88213,294457,普通交易卖出,,6月6日,15670,0,0.51,0,0,0,0.02,0.01,0.01,0,0.55,0,,普通帐户,TS,,,,,0,1,,,
1000081682,沪Ａ,SH00000302,方正证券股份有限公司,600739,辽宁成大,卖出成交,14.01,100.00 ,0,"1,401.00","1,401.00","1,399.47",2019/7/25 10:40,14.01,"4,100",0,0,柜台,28450,股票,正常买卖,302,302,总公司,自营,99998-默认经纪人,4797060,88213,294507,普通交易卖出,,5月5日,21920,0,1.4,0,0,0,0.07,0.03,0.03,0,1.53,0,,普通帐户,TS,,,,,0,1,,,
1000081676,沪Ａ,SH00000302,方正证券股份有限公司,600699,均胜电子,卖出成交,21.9,100.00 ,0,"2,190.00","2,190.00","2,187.62",2019/7/25 10:40,21.9,"3,300",0,0,柜台,28450,股票,正常买卖,302,302,总公司,自营,99998-默认经纪人,4797208,88213,294509,普通交易卖出,,2月2日,13600,0,2.19,0,0,0,0.11,0.04,0.04,0,2.38,0,,普通帐户,TS,,,,,0,1,,,
10016186,深Ａ,SZ00000302,方正证券股份有限公司,2139,拓邦股份,卖出成交,5.8,100.00 ,0,580,580,579.37,2019/7/25 10:40,5.8,"2,400",0,0,柜台,395106,股票,正常买卖,302,302,总公司,自营,99998-默认经纪人,1.03E+14,88213,190735,普通交易卖出,,,,0,0.58,0,0,0,0.03,0.01,0.01,0,0.63,0,,普通帐户,TS,,,,,0,1,,,
10016119,深Ａ,SZ00000302,方正证券股份有限公司,2707,众信旅游,卖出成交,5.76,100.00 ,0,576,576,575.37,2019/7/25 10:40,5.76,"6,400",0,0,柜台,395106,股票,正常买卖,302,302,总公司,自营,99998-默认经纪人,1.04E+14,88213,190741,普通交易卖出,,,,0,0.58,0,0,0,0.03,0.01,0.01,0,0.63,0,,普通帐户,TS,,,,,0,1,,,
1000081676,沪Ａ,SH00000302,方正证券股份有限公司,600699,均胜电子,卖出成交,21.9,100.00 ,0,"2,190.00","2,190.00","2,187.62",2019/7/25 10:40,21.9,"3,300",0,0,柜台,28450,股票,正常买卖,302,302,总公司,自营,99998-默认经纪人,4798391,88213,190746,普通交易卖出,,2月2日,13620,0,2.19,0,0,0,0.11,0.04,0.04,0,2.38,0,,普通帐户,TS,,,,,0,1,,,
10016186,深Ａ,SZ00000302,方正证券股份有限公司,2139,拓邦股份,卖出成交,5.8,200.00 ,0,"1,160.00","1,160.00","1,158.74",2019/7/25 10:40,5.8,"2,400",0,0,柜台,395106,股票,正常买卖,302,302,总公司,自营,99998-默认经纪人,1.03E+14,88213,294560,普通交易卖出,,,,0,1.16,0,0,0,0.06,0.02,0.02,0,1.26,0,,普通帐户,TS,,,,,0,1,,,
10016186,深Ａ,SZ00000302,方正证券股份有限公司,2139,拓邦股份,卖出成交,5.8,100.00 ,0,580,580,579.37,2019/7/25 10:40,5.8,"2,400",0,0,柜台,395106,股票,正常买卖,302,302,总公司,自营,99998-默认经纪人,1.03E+14,88213,294564,普通交易卖出,,,,0,0.58,0,0,0,0.03,0.01,0.01,0,0.63,0,,普通帐户,TS,,,,,0,1,,,
10016186,深Ａ,SZ00000302,方正证券股份有限公司,2139,拓邦股份,卖出成交,5.8,100.00 ,0,580,580,579.37,2019/7/25 10:40,5.8,"2,400",0,0,柜台,395106,股票,正常买卖,302,302,总公司,自营,99998-默认经纪人,1.03E+14,88213,294566,普通交易卖出,,,,0,0.58,0,0,0,0.03,0.01,0.01,0,0.63,0,,普通帐户,TS,,,,,0,1,,,
10016161,深Ａ,SZ00000302,方正证券股份有限公司,2332,仙琚制药,卖出成交,6.7,100.00 ,0,670,670,669.28,2019/7/25 10:40,6.7,900,0,0,柜台,395106,股票,正常买卖,302,302,总公司,自营,99998-默认经纪人,1.04E+14,88213,294573,普通交易卖出,,,,0,0.67,0,0,0,0.03,0.01,0.01,0,0.72,0,,普通帐户,TS,,,,,0,1,,,
10016119,深Ａ,SZ00000302,方正证券股份有限公司,2707,众信旅游,卖出成交,5.76,100.00 ,0,576,576,575.37,2019/7/25 10:40,5.76,"6,400",0,0,柜台,395106,股票,正常买卖,302,302,总公司,自营,99998-默认经纪人,1.04E+14,88213,294575,普通交易卖出,,,,0,0.58,0,0,0,0.03,0.01,0.01,0,0.63,0,,普通帐户,TS,,,,,0,1,,,
1000081698,沪Ａ,SH00000302,方正证券股份有限公司,600675,中华企业,卖出成交,5.12,100.00 ,0,512,512,511.45,2019/7/25 10:40,5.12,"7,000",0,0,柜台,28450,股票,正常买卖,302,302,总公司,自营,99998-默认经纪人,4798856,88213,190754,普通交易卖出,,6月6日,15690,0,0.51,0,0,0,0.02,0.01,0.01,0,0.55,0,,普通帐户,TS,,,,,0,1,,,
1000081676,沪Ａ,SH00000302,方正证券股份有限公司,600699,均胜电子,卖出成交,21.9,100.00 ,0,"2,190.00","2,190.00","2,187.62",2019/7/25 10:40,21.9,"3,300",0,0,柜台,28450,股票,正常买卖,302,302,总公司,自营,99998-默认经纪人,4799661,88213,190759,普通交易卖出,,2月2日,13640,0,2.19,0,0,0,0.11,0.04,0.04,0,2.38,0,,普通帐户,TS,,,,,0,1,,,
1000081682,沪Ａ,SH00000302,方正证券股份有限公司,600739,辽宁成大,卖出成交,14.01,100.00 ,0,"1,401.00","1,401.00","1,399.47",2019/7/25 10:40,14.01,"4,100",0,0,柜台,28450,股票,正常买卖,302,302,总公司,自营,99998-默认经纪人,4799654,88213,190761,普通交易卖出,,5月5日,21960,0,1.4,0,0,0,0.07,0.03,0.03,0,1.53,0,,普通帐户,TS,,,,,0,1,,,
1000081698,沪Ａ,SH00000302,方正证券股份有限公司,600675,中华企业,卖出成交,5.12,1100.00 ,0,"5,632.00","5,632.00","5,625.88",2019/7/25 10:40,5.12,"7,000",0,0,柜台,28450,股票,正常买卖,302,302,总公司,自营,99998-默认经纪人,4798863,88213,294614,普通交易卖出,,6月6日,15700,0,5.63,0,0,0,0.27,0.11,0.11,0,6.12,0,,普通帐户,TS,,,,,0,1,,,
1000081681,沪Ａ,SH00000302,方正证券股份有限公司,600064,南京高科,卖出成交,9.42,480.00 ,0,"4,521.60","4,521.60","4,516.68",2019/7/25 10:40,9.42,"3,400",0,0,柜台,28450,股票,正常买卖,302,302,总公司,自营,99998-默认经纪人,4799286,88213,294618,普通交易卖出,,5月5日,21950,0,4.52,0,0,0,0.22,0.09,0.09,0,4.92,0,,普通帐户,TS,,,,,0,1,,,
1000081681,沪Ａ,SH00000302,方正证券股份有限公司,600064,南京高科,卖出成交,9.42,2000.00 ,0,"18,840.00","18,840.00","18,819.48",2019/7/25 10:40,9.42,"3,400",0,0,柜台,28450,股票,正常买卖,302,302,总公司,自营,99998-默认经纪人,4799797,88213,190764,普通交易卖出,,5月5日,21970,0,18.84,0,0,0,0.92,0.38,0.38,0,20.52,0,,普通帐户,TS,,,,,0,1,,,
1000081698,沪Ａ,SH00000302,方正证券股份有限公司,600675,中华企业,卖出成交,5.12,100.00 ,0,512,512,511.45,2019/7/25 10:40,5.12,"7,000",0,0,柜台,28450,股票,正常买卖,302,302,总公司,自营,99998-默认经纪人,4800291,88213,190775,普通交易卖出,,6月6日,15720,0,0.51,0,0,0,0.02,0.01,0.01,0,0.55,0,,普通帐户,TS,,,,,0,1,,,
1000081687,沪Ａ,SH00000302,方正证券股份有限公司,603026,石大胜华,卖出成交,30.79,100.00 ,0,"3,079.00","3,079.00","3,075.65",2019/7/25 10:40,30.79,800,0,0,柜台,28450,股票,正常买卖,302,302,总公司,自营,99998-默认经纪人,4800864,88213,190795,普通交易卖出,,3月3日,14970,0,3.08,0,0,0,0.15,0.06,0.06,0,3.35,0,,普通帐户,TS,,,,,0,1,,,
10016161,深Ａ,SZ00000302,方正证券股份有限公司,2332,仙琚制药,卖出成交,6.7,100.00 ,0,670,670,669.28,2019/7/25 10:40,6.7,900,0,0,柜台,395106,股票,正常买卖,302,302,总公司,自营,99998-默认经纪人,1.04E+14,88213,294694,普通交易卖出,,,,0,0.67,0,0,0,0.03,0.01,0.01,0,0.72,0,,普通帐户,TS,,,,,0,1,,,
10016119,深Ａ,SZ00000302,方正证券股份有限公司,2707,众信旅游,卖出成交,5.76,100.00 ,0,576,576,575.37,2019/7/25 10:40,5.76,"6,400",0,0,柜台,395106,股票,正常买卖,302,302,总公司,自营,99998-默认经纪人,1.04E+14,88213,294698,普通交易卖出,,,,0,0.58,0,0,0,0.03,0.01,0.01,0,0.63,0,,普通帐户,TS,,,,,0,1,,,
10016119,深Ａ,SZ00000302,方正证券股份有限公司,2707,众信旅游,卖出成交,5.76,100.00 ,0,576,576,575.37,2019/7/25 10:40,5.76,"6,400",0,0,柜台,395106,股票,正常买卖,302,302,总公司,自营,99998-默认经纪人,1.04E+14,88213,294700,普通交易卖出,,,,0,0.58,0,0,0,0.03,0.01,0.01,0,0.63,0,,普通帐户,TS,,,,,0,1,,,
1000081676,沪Ａ,SH00000302,方正证券股份有限公司,600699,均胜电子,卖出成交,21.9,1400.00 ,0,"30,660.00","30,660.00","30,626.63",2019/7/25 10:40,21.9,"3,300",0,0,柜台,28450,股票,正常买卖,302,302,总公司,自营,99998-默认经纪人,4800771,88213,294727,普通交易卖出,,2月2日,13650,0,30.66,0,0,0,1.49,0.61,0.61,0,33.37,0,,普通帐户,TS,,,,,0,1,,,
1000081698,沪Ａ,SH00000302,方正证券股份有限公司,600675,中华企业,卖出成交,5.12,200.00 ,0,"1,024.00","1,024.00","1,022.89",2019/7/25 10:40,5.12,"7,000",0,0,柜台,28450,股票,正常买卖,302,302,总公司,自营,99998-默认经纪人,4800860,88213,294730,普通交易卖出,,6月6日,15740,0,1.02,0,0,0,0.05,0.02,0.02,0,1.11,0,,普通帐户,TS,,,,,0,1,,,
1000081687,沪Ａ,SH00000302,方正证券股份有限公司,603026,石大胜华,卖出成交,30.79,100.00 ,0,"3,079.00","3,079.00","3,075.65",2019/7/25 10:40,30.79,800,0,0,柜台,28450,股票,正常买卖,302,302,总公司,自营,99998-默认经纪人,4800891,88213,294735,普通交易卖出,,3月3日,14980,0,3.08,0,0,0,0.15,0.06,0.06,0,3.35,0,,普通帐户,TS,,,,,0,1,,,
1000081687,沪Ａ,SH00000302,方正证券股份有限公司,603026,石大胜华,卖出成交,30.79,100.00 ,0,"3,079.00","3,079.00","3,075.65",2019/7/25 10:40,30.79,800,0,0,柜台,28450,股票,正常买卖,302,302,总公司,自营,99998-默认经纪人,4801052,88213,190799,普通交易卖出,,3月3日,15030,0,3.08,0,0,0,0.15,0.06,0.06,0,3.35,0,,普通帐户,TS,,,,,0,1,,,
1000081687,沪Ａ,SH00000302,方正证券股份有限公司,603026,石大胜华,卖出成交,30.79,100.00 ,0,"3,079.00","3,079.00","3,075.65",2019/7/25 10:40,30.79,800,0,0,柜台,28450,股票,正常买卖,302,302,总公司,自营,99998-默认经纪人,4801010,88213,190801,普通交易卖出,,3月3日,15020,0,3.08,0,0,0,0.15,0.06,0.06,0,3.35,0,,普通帐户,TS,,,,,0,1,,,
1000081687,沪Ａ,SH00000302,方正证券股份有限公司,603026,石大胜华,卖出成交,30.79,100.00 ,0,"3,079.00","3,079.00","3,075.65",2019/7/25 10:40,30.79,800,0,0,柜台,28450,股票,正常买卖,302,302,总公司,自营,99998-默认经纪人,4801009,88213,190802,普通交易卖出,,3月3日,15010,0,3.08,0,0,0,0.15,0.06,0.06,0,3.35,0,,普通帐户,TS,,,,,0,1,,,
1000081682,沪Ａ,SH00000302,方正证券股份有限公司,600739,辽宁成大,卖出成交,14.01,100.00 ,0,"1,401.00","1,401.00","1,399.47",2019/7/25 10:40,14.01,"4,100",0,0,柜台,28450,股票,正常买卖,302,302,总公司,自营,99998-默认经纪人,4801589,88213,190807,普通交易卖出,,5月5日,21990,0,1.4,0,0,0,0.07,0.03,0.03,0,1.53,0,,普通帐户,TS,,,,,0,1,,,
1000081687,沪Ａ,SH00000302,方正证券股份有限公司,603026,石大胜华,卖出成交,30.79,100.00 ,0,"3,079.00","3,079.00","3,075.65",2019/7/25 10:40,30.79,800,0,0,柜台,28450,股票,正常买卖,302,302,总公司,自营,99998-默认经纪人,4801006,88213,294733,普通交易卖出,,3月3日,14990,0,3.08,0,0,0,0.15,0.06,0.06,0,3.35,0,,普通帐户,TS,,,,,0,1,,,
1000081687,沪Ａ,SH00000302,方正证券股份有限公司,603026,石大胜华,卖出成交,30.79,100.00 ,0,"3,079.00","3,079.00","3,075.65",2019/7/25 10:40,30.79,800,0,0,柜台,28450,股票,正常买卖,302,302,总公司,自营,99998-默认经纪人,4801007,88213,294737,普通交易卖出,,3月3日,15000,0,3.08,0,0,0,0.15,0.06,0.06,0,3.35,0,,普通帐户,TS,,,,,0,1,,,
1000081687,沪Ａ,SH00000302,方正证券股份有限公司,603026,石大胜华,卖出成交,30.79,100.00 ,0,"3,079.00","3,079.00","3,075.65",2019/7/25 10:40,30.79,800,0,0,柜台,28450,股票,正常买卖,302,302,总公司,自营,99998-默认经纪人,4801189,88213,294740,普通交易卖出,,3月3日,15040,0,3.08,0,0,0,0.15,0.06,0.06,0,3.35,0,,普通帐户,TS,,,,,0,1,,,
1000081681,沪Ａ,SH00000302,方正证券股份有限公司,600064,南京高科,卖出成交,9.42,920.00 ,0,"8,666.40","8,666.40","8,656.97",2019/7/25 10:40,9.42,"3,400",0,0,柜台,28450,股票,正常买卖,302,302,总公司,自营,99998-默认经纪人,4801437,88213,294757,普通交易卖出,,5月5日,21980,0,8.67,0,0,0,0.42,0.17,0.17,0,9.43,0,,普通帐户,TS,,,,,0,1,,,
1000081682,沪Ａ,SH00000302,方正证券股份有限公司,600739,辽宁成大,卖出成交,14.01,300.00 ,0,"4,203.00","4,203.00","4,198.44",2019/7/25 10:40,14.01,"4,100",0,0,柜台,28450,股票,正常买卖,302,302,总公司,自营,99998-默认经纪人,4802126,88213,294796,普通交易卖出,,5月5日,22000,0,4.2,0,0,0,0.2,0.08,0.08,0,4.56,0,,普通帐户,TS,,,,,0,1,,,
10016153,深Ａ,SZ00000302,方正证券股份有限公司,2478,常宝股份,卖出成交,6.46,500.00 ,0,"3,230.00","3,230.00","3,226.49",2019/7/25 10:40,6.46,"1,700",0,0,柜台,395106,股票,正常买卖,302,302,总公司,自营,99998-默认经纪人,1.03E+14,88213,294812,普通交易卖出,,,,0,3.23,0,0,0,0.16,0.06,0.06,0,3.51,0,,普通帐户,TS,,,,,0,1,,,
10016183,深Ａ,SZ00000302,方正证券股份有限公司,858,五 粮 液,卖出成交,117.8,1200.00 ,0,"141,360.00","141,360.00","141,206.10",2019/7/25 10:40,117.8,"1,500",0,0,柜台,395106,股票,正常买卖,302,302,总公司,自营,99998-默认经纪人,1.04E+14,88213,294817,普通交易卖出,,,,0,141.36,0,0,0,6.88,2.83,2.83,0,153.9,0,,普通帐户,TS,,,,,0,1,,,
10016161,深Ａ,SZ00000302,方正证券股份有限公司,2332,仙琚制药,卖出成交,6.7,100.00 ,0,670,670,669.28,2019/7/25 10:40,6.7,900,0,0,柜台,395106,股票,正常买卖,302,302,总公司,自营,99998-默认经纪人,1.04E+14,88213,294819,普通交易卖出,,,,0,0.67,0,0,0,0.03,0.01,0.01,0,0.72,0,,普通帐户,TS,,,,,0,1,,,
10016119,深Ａ,SZ00000302,方正证券股份有限公司,2707,众信旅游,卖出成交,5.76,100.00 ,0,576,576,575.37,2019/7/25 10:40,5.76,"6,400",0,0,柜台,395106,股票,正常买卖,302,302,总公司,自营,99998-默认经纪人,1.04E+14,88213,294821,普通交易卖出,,,,0,0.58,0,0,0,0.03,0.01,0.01,0,0.63,0,,普通帐户,TS,,,,,0,1,,,
10016108,深Ａ,SZ00000302,方正证券股份有限公司,300010,立思辰,卖出成交,9.22,1200.00 ,0,"11,064.00","11,064.00","11,051.96",2019/7/25 10:40,9.22,"1,200",0,0,柜台,395106,创业板,正常买卖,302,302,总公司,自营,99998-默认经纪人,1.02E+14,88213,294844,普通交易卖出,,,,0,11.06,0,0,0,0.54,0.22,0.22,0,12.04,0,,普通帐户,TS,,,,,0,1,,,
1000081698,沪Ａ,SH00000302,方正证券股份有限公司,600675,中华企业,卖出成交,5.12,200.00 ,0,"1,024.00","1,024.00","1,022.89",2019/7/25 10:40,5.12,"7,000",0,0,柜台,28450,股票,正常买卖,302,302,总公司,自营,99998-默认经纪人,4803260,88213,294853,普通交易卖出,,6月6日,15750,0,1.02,0,0,0,0.05,0.02,0.02,0,1.11,0,,普通帐户,TS,,,,,0,1,,,
1000081682,沪Ａ,SH00000302,方正证券股份有限公司,600739,辽宁成大,卖出成交,14.01,100.00 ,0,"1,401.00","1,401.00","1,399.47",2019/7/25 10:40,14.01,"4,100",0,0,柜台,28450,股票,正常买卖,302,302,总公司,自营,99998-默认经纪人,4803899,88213,294894,普通交易卖出,,5月5日,22030,0,1.4,0,0,0,0.07,0.03,0.03,0,1.53,0,,普通帐户,TS,,,,,0,1,,,
10016119,深Ａ,SZ00000302,方正证券股份有限公司,2707,众信旅游,卖出成交,5.76,100.00 ,0,576,576,575.37,2019/7/25 10:40,5.76,"6,400",0,0,柜台,395106,股票,正常买卖,302,302,总公司,自营,99998-默认经纪人,1.04E+14,88213,294952,普通交易卖出,,,,0,0.58,0,0,0,0.03,0.01,0.01,0,0.63,0,,普通帐户,TS,,,,,0,1,,,
1000081676,沪Ａ,SH00000302,方正证券股份有限公司,600699,均胜电子,卖出成交,21.9,600.00 ,0,"13,140.00","13,140.00","13,125.70",2019/7/25 10:40,21.9,"3,300",0,0,柜台,28450,股票,正常买卖,302,302,总公司,自营,99998-默认经纪人,4805419,88213,294991,普通交易卖出,,2月2日,13680,0,13.14,0,0,0,0.64,0.26,0.26,0,14.3,0,,普通帐户,TS,,,,,0,1,,,
1000081682,沪Ａ,SH00000302,方正证券股份有限公司,600739,辽宁成大,卖出成交,14.01,100.00 ,0,"1,401.00","1,401.00","1,399.47",2019/7/25 10:40,14.01,"4,100",0,0,柜台,28450,股票,正常买卖,302,302,总公司,自营,99998-默认经纪人,4806298,88213,190869,普通交易卖出,,5月5日,22050,0,1.4,0,0,0,0.07,0.03,0.03,0,1.53,0,,普通帐户,TS,,,,,0,1,,,
1000081664,沪Ａ,SH00000302,方正证券股份有限公司,603444,吉比特,卖出成交,209.31,200.00 ,0,"41,862.00","41,862.00","41,816.42",2019/7/25 10:40,209.31,200,0,0,柜台,28450,股票,正常买卖,302,302,总公司,自营,99998-默认经纪人,4805637,88213,294997,普通交易卖出,,3月3日,15140,0,41.86,0,0,0,2.04,0.84,0.84,0,45.58,0,,普通帐户,TS,,,,,0,1,,,
10016119,深Ａ,SZ00000302,方正证券股份有限公司,2707,众信旅游,卖出成交,5.76,100.00 ,0,576,576,575.37,2019/7/25 10:40,5.76,"6,400",0,0,柜台,395106,股票,正常买卖,302,302,总公司,自营,99998-默认经纪人,1.04E+14,88213,190877,普通交易卖出,,,,0,0.58,0,0,0,0.03,0.01,0.01,0,0.63,0,,普通帐户,TS,,,,,0,1,,,
10016187,深Ａ,SZ00000302,方正证券股份有限公司,2449,国星光电,卖出成交,12.3,1200.00 ,0,"14,760.00","14,760.00","14,743.92",2019/7/25 10:40,12.3,"1,200",0,0,柜台,395106,股票,正常买卖,302,302,总公司,自营,99998-默认经纪人,1.01E+14,88213,190879,普通交易卖出,,,,0,14.76,0,0,0,0.72,0.3,0.3,0,16.08,0,,普通帐户,TS,,,,,0,1,,,
1000081669,沪Ａ,SH00000302,方正证券股份有限公司,600036,招商银行,卖出成交,37.38,2100.00 ,0,"78,498.00","78,498.00","78,412.54",2019/7/25 10:40,37.38,"2,100",0,0,柜台,28450,股票,正常买卖,302,302,总公司,自营,99998-默认经纪人,4807478,88213,190881,普通交易卖出,,1月1日,17080,0,78.5,0,0,0,3.82,1.57,1.57,0,85.46,0,,普通帐户,TS,,,,,0,1,,,
10016124,深Ａ,SZ00000302,方正证券股份有限公司,2746,仙坛股份,卖出成交,16.58,400.00 ,0,"6,632.00","6,632.00","6,624.79",2019/7/25 10:40,16.58,"2,200",0,0,柜台,395106,股票,正常买卖,302,302,总公司,自营,99998-默认经纪人,1.03E+14,88213,295067,普通交易卖出,,,,0,6.63,0,0,0,0.32,0.13,0.13,0,7.21,0,,普通帐户,TS,,,,,0,1,,,
10016124,深Ａ,SZ00000302,方正证券股份有限公司,2746,仙坛股份,卖出撤单,0,0.00 ,"1,800",0,0,0,2019/7/25 10:40,16.58,"2,200",0,0,柜台,395106,股票,正常买卖,302,302,总公司,自营,99998-默认经纪人,1.03E+14,88213,190894,普通交易卖出,,,,-89.53,-29.84,0,0,0,-1.45,-0.6,-0.6,0,0,0,,普通帐户,TS,,,,,0,1,,,
10016129,深Ａ,SZ00000302,方正证券股份有限公司,300324,旋极信息,卖出撤单,0,0.00 ,"1,200",0,0,0,2019/7/25 10:40,5.17,"1,200",0,0,柜台,395106,创业板,正常买卖,302,302,总公司,自营,99998-默认经纪人,1.02E+14,88213,190895,普通交易卖出,,,,-18.61,-6.2,0,0,0,-0.3,-0.12,-0.12,0,0,0,,普通帐户,TS,,,,,0,1,,,
10016131,深Ａ,SZ00000302,方正证券股份有限公司,300348,长亮科技,卖出撤单,0,0.00 ,400,0,0,0,2019/7/25 10:40,13.37,400,0,0,柜台,395106,创业板,正常买卖,302,302,总公司,自营,99998-默认经纪人,1.03E+14,88213,190896,普通交易卖出,,,,-16.04,-5.35,0,0,0,-0.26,-0.11,-0.11,0,0,0,,普通帐户,TS,,,,,0,1,,,
10016135,深Ａ,SZ00000302,方正证券股份有限公司,300397,天和防务,卖出撤单,0,0.00 ,600,0,0,0,2019/7/25 10:40,19.63,"1,100",0,0,柜台,395106,创业板,正常买卖,302,302,总公司,自营,99998-默认经纪人,1.01E+14,88213,190897,普通交易卖出,,,,-35.33,-11.78,0,0,0,-0.57,-0.24,-0.24,0,0,0,,普通帐户,TS,,,,,0,1,,,
10016137,深Ａ,SZ00000302,方正证券股份有限公司,300413,芒果超媒,卖出撤单,0,0.00 ,"1,200",0,0,0,2019/7/25 10:40,38.1,"1,200",0,0,柜台,395106,创业板,正常买卖,302,302,总公司,自营,99998-默认经纪人,1.03E+14,88213,190898,普通交易卖出,,,,-137.16,-45.72,0,0,0,-2.23,-0.91,-0.91,0,0,0,,普通帐户,TS,,,,,0,1,,,
10016116,深Ａ,SZ00000302,方正证券股份有限公司,300567,精测电子,卖出撤单,0,0.00 ,500,0,0,0,2019/7/25 10:40,50.38,500,0,0,柜台,395106,创业板,正常买卖,302,302,总公司,自营,99998-默认经纪人,1.02E+14,88213,190899,普通交易卖出,,,,-75.57,-25.19,0,0,0,-1.23,-0.5,-0.5,0,0,0,,普通帐户,TS,,,,,0,1,,,
10016120,深Ａ,SZ00000302,方正证券股份有限公司,300575,中旗股份,卖出撤单,0,0.00 ,"1,900",0,0,0,2019/7/25 10:40,26.82,"1,900",0,0,柜台,395106,创业板,正常买卖,302,302,总公司,自营,99998-默认经纪人,1.04E+14,88213,190900,普通交易卖出,,,,-152.87,-50.96,0,0,0,-2.48,-1.02,-1.02,0,0,0,,普通帐户,TS,,,,,0,1,,,
10016130,深Ａ,SZ00000302,方正证券股份有限公司,300630,普利制药,卖出撤单,0,0.00 ,500,0,0,0,2019/7/25 10:40,44.8,"1,000",0,0,柜台,395106,创业板,正常买卖,302,302,总公司,自营,99998-默认经纪人,1.02E+14,88213,190901,普通交易卖出,,,,-67.2,-22.4,0,0,0,-1.09,-0.45,-0.45,0,0,0,,普通帐户,TS,,,,,0,1,,,
10016132,深Ａ,SZ00000302,方正证券股份有限公司,300657,弘信电子,卖出撤单,0,0.00 ,"3,600",0,0,0,2019/7/25 10:40,26.21,"3,600",0,0,柜台,395106,创业板,正常买卖,302,302,总公司,自营,99998-默认经纪人,1.02E+14,88213,190902,普通交易卖出,,,,-283.07,-94.36,0,0,0,-4.6,-1.89,-1.89,0,0,0,,普通帐户,TS,,,,,0,1,,,
10016134,深Ａ,SZ00000302,方正证券股份有限公司,300702,天宇股份,卖出撤单,0,0.00 ,900,0,0,0,2019/7/25 10:40,34.27,900,0,0,柜台,395106,创业板,正常买卖,302,302,总公司,自营,99998-默认经纪人,1.01E+14,88213,190903,普通交易卖出,,,,-92.53,-30.84,0,0,0,-1.5,-0.62,-0.62,0,0,0,,普通帐户,TS,,,,,0,1,,,
10016147,深Ａ,SZ00000302,方正证券股份有限公司,402,金 融 街,卖出撤单,0,0.00 ,"9,000",0,0,0,2019/7/25 10:40,7.71,"9,000",0,0,柜台,395106,股票,正常买卖,302,302,总公司,自营,99998-默认经纪人,1.01E+14,88213,190906,普通交易卖出,,,,-208.17,-69.39,0,0,0,-3.38,-1.39,-1.39,0,0,0,,普通帐户,TS,,,,,0,1,,,
10016156,深Ａ,SZ00000302,方正证券股份有限公司,547,航天发展,卖出撤单,0,0.00 ,600,0,0,0,2019/7/25 10:40,10.06,600,0,0,柜台,395106,股票,正常买卖,302,302,总公司,自营,99998-默认经纪人,1.04E+14,88213,190907,普通交易卖出,,,,-18.11,-6.04,0,0,0,-0.29,-0.12,-0.12,0,0,0,,普通帐户,TS,,,,,0,1,,,
10016164,深Ａ,SZ00000302,方正证券股份有限公司,559,万向钱潮,卖出撤单,0,0.00 ,"5,700",0,0,0,2019/7/25 10:40,5.88,"5,700",0,0,柜台,395106,股票,正常买卖,302,302,总公司,自营,99998-默认经纪人,1.01E+14,88213,190908,普通交易卖出,,,,-100.55,-33.52,0,0,0,-1.63,-0.67,-0.67,0,0,0,,普通帐户,TS,,,,,0,1,,,
10016175,深Ａ,SZ00000302,方正证券股份有限公司,584,哈工智能,卖出撤单,0,0.00 ,"1,200",0,0,0,2019/7/25 10:40,6.28,"1,200",0,0,柜台,395106,股票,正常买卖,302,302,总公司,自营,99998-默认经纪人,1.03E+14,88213,190909,普通交易卖出,,,,-22.61,-7.54,0,0,0,-0.37,-0.15,-0.15,0,0,0,,普通帐户,TS,,,,,0,1,,,
10016180,深Ａ,SZ00000302,方正证券股份有限公司,636,风华高科,卖出撤单,0,0.00 ,600,0,0,0,2019/7/25 10:40,10.71,600,0,0,柜台,395106,股票,正常买卖,302,302,总公司,自营,99998-默认经纪人,1.03E+14,88213,190910,普通交易卖出,,,,-19.28,-6.43,0,0,0,-0.31,-0.13,-0.13,0,0,0,,普通帐户,TS,,,,,0,1,,,
10016184,深Ａ,SZ00000302,方正证券股份有限公司,661,长春高新,卖出撤单,0,0.00 ,200,0,0,0,2019/7/25 10:40,332.7,200,0,0,柜台,395106,股票,正常买卖,302,302,总公司,自营,99998-默认经纪人,1.01E+14,88213,190911,普通交易卖出,,,,-199.62,-66.54,0,0,0,-3.24,-1.33,-1.33,0,0,0,,普通帐户,TS,,,,,0,1,,,
1000081682,沪Ａ,SH00000302,方正证券股份有限公司,600739,辽宁成大,卖出成交,14.01,100.00 ,0,"1,401.00","1,401.00","1,399.47",2019/7/25 10:40,14.01,"4,100",0,0,柜台,28450,股票,正常买卖,302,302,总公司,自营,99998-默认经纪人,4808455,88213,190912,普通交易卖出,,5月5日,22060,0,1.4,0,0,0,0.07,0.03,0.03,0,1.53,0,,普通帐户,TS,,,,,0,1,,,
1000081688,沪Ａ,SH00000302,方正证券股份有限公司,600094,大名城,卖出撤单,7.53,0.00 ,"4,400",0,0,0,2019/7/25 10:40,7.53,"4,400",0,0,柜台,28450,股票,正常买卖,302,302,总公司,自营,99998-默认经纪人,1000081688,88213,190914,普通交易卖出,,,,0,33.13,0,0,0,1.61,0.66,0.66,0,0,0,,普通帐户,TS,,,,,0,1,,,
1000081656,沪Ａ,SH00000302,方正证券股份有限公司,600019,宝钢股份,卖出撤单,6.3,0.00 ,"3,200",0,0,0,2019/7/25 10:40,6.3,"3,200",0,0,柜台,28450,股票,正常买卖,302,302,总公司,自营,99998-默认经纪人,1000081656,88213,190915,普通交易卖出,,,,0,20.16,0,0,0,0.98,0.4,0.4,0,0,0,,普通帐户,TS,,,,,0,1,,,
1000081654,沪Ａ,SH00000302,方正证券股份有限公司,600416,湘电股份,卖出撤单,5.79,0.00 ,"6,500",0,0,0,2019/7/25 10:40,5.79,"6,500",0,0,柜台,28450,股票,正常买卖,302,302,总公司,自营,99998-默认经纪人,1000081654,88213,190916,普通交易卖出,,,,0,37.64,0,0,0,1.83,0.75,0.75,0,0,0,,普通帐户,TS,,,,,0,1,,,
10016160,深Ａ,SZ00000302,方正证券股份有限公司,705,浙江震元,卖出撤单,0,0.00 ,500,0,0,0,2019/7/25 10:40,6.5,500,0,0,柜台,395106,股票,正常买卖,302,302,总公司,自营,99998-默认经纪人,1.02E+14,88213,190917,普通交易卖出,,,,-9.75,-3.25,0,0,0,-0.16,-0.07,-0.07,0,0,0,,普通帐户,TS,,,,,0,1,,,
10016185,深Ａ,SZ00000302,方正证券股份有限公司,2583,海能达,卖出撤单,0,0.00 ,"4,800",0,0,0,2019/7/25 10:40,9.2,"4,800",0,0,柜台,395106,股票,正常买卖,302,302,总公司,自营,99998-默认经纪人,1.04E+14,88213,190918,普通交易卖出,,,,-132.48,-44.16,0,0,0,-2.15,-0.88,-0.88,0,0,0,,普通帐户,TS,,,,,0,1,,,
10016199,深Ａ,SZ00000302,方正证券股份有限公司,2648,卫星石化,卖出撤单,0,0.00 ,"1,700",0,0,0,2019/7/25 10:40,13.84,"2,900",0,0,柜台,395106,股票,正常买卖,302,302,总公司,自营,99998-默认经纪人,1.02E+14,88213,190919,普通交易卖出,,,,-70.58,-23.53,0,0,0,-1.15,-0.47,-0.47,0,0,0,,普通帐户,TS,,,,,0,1,,,
10016169,深Ａ,SZ00000302,方正证券股份有限公司,732,泰禾集团,卖出撤单,0,0.00 ,"3,600",0,0,0,2019/7/25 10:40,7.02,"3,600",0,0,柜台,395106,股票,正常买卖,302,302,总公司,自营,99998-默认经纪人,1.01E+14,88213,190920,普通交易卖出,,,,-75.82,-25.27,0,0,0,-1.23,-0.51,-0.51,0,0,0,,普通帐户,TS,,,,,0,1,,,
10016174,深Ａ,SZ00000302,方正证券股份有限公司,762,西藏矿业,卖出撤单,0,0.00 ,"2,600",0,0,0,2019/7/25 10:40,7.5,"2,600",0,0,柜台,395106,股票,正常买卖,302,302,总公司,自营,99998-默认经纪人,1.03E+14,88213,190921,普通交易卖出,,,,-58.5,-19.5,0,0,0,-0.95,-0.39,-0.39,0,0,0,,普通帐户,TS,,,,,0,1,,,
10016148,深Ａ,SZ00000302,方正证券股份有限公司,966,长源电力,卖出撤单,0,0.00 ,"1,700",0,0,0,2019/7/25 10:40,5.14,"1,700",0,0,柜台,395106,股票,正常买卖,302,302,总公司,自营,99998-默认经纪人,1.04E+14,88213,190922,普通交易卖出,,,,-26.21,-8.74,0,0,0,-0.43,-0.17,-0.17,0,0,0,,普通帐户,TS,,,,,0,1,,,
10016194,深Ａ,SZ00000302,方正证券股份有限公司,948,南天信息,卖出撤单,0,0.00 ,"1,200",0,0,0,2019/7/25 10:40,10.68,"1,200",0,0,柜台,395106,股票,正常买卖,302,302,总公司,自营,99998-默认经纪人,1.02E+14,88213,190923,普通交易卖出,,,,-38.45,-12.82,0,0,0,-0.62,-0.26,-0.26,0,0,0,,普通帐户,TS,,,,,0,1,,,
10016198,深Ａ,SZ00000302,方正证券股份有限公司,960,锡业股份,卖出撤单,0,0.00 ,"1,000",0,0,0,2019/7/25 10:40,10.68,"1,000",0,0,柜台,395106,股票,正常买卖,302,302,总公司,自营,99998-默认经纪人,1.02E+14,88213,190924,普通交易卖出,,,,-32.04,-10.68,0,0,0,-0.52,-0.21,-0.21,0,0,0,,普通帐户,TS,,,,,0,1,,,
10016152,深Ａ,SZ00000302,方正证券股份有限公司,2013,中航机电,卖出撤单,0,0.00 ,"5,100",0,0,0,2019/7/25 10:40,6.87,"5,100",0,0,柜台,395106,股票,正常买卖,302,302,总公司,自营,99998-默认经纪人,1.03E+14,88213,190925,普通交易卖出,,,,-105.11,-35.04,0,0,0,-1.71,-0.7,-0.7,0,0,0,,普通帐户,TS,,,,,0,1,,,
10016163,深Ａ,SZ00000302,方正证券股份有限公司,2097,山河智能,卖出撤单,0,0.00 ,"5,700",0,0,0,2019/7/25 10:40,6.06,"5,700",0,0,柜台,395106,股票,正常买卖,302,302,总公司,自营,99998-默认经纪人,1.03E+14,88213,190926,普通交易卖出,,,,-103.63,-34.54,0,0,0,-1.68,-0.69,-0.69,0,0,0,,普通帐户,TS,,,,,0,1,,,
10016168,深Ａ,SZ00000302,方正证券股份有限公司,2104,恒宝股份,卖出撤单,0,0.00 ,"1,200",0,0,0,2019/7/25 10:40,6.82,"1,200",0,0,柜台,395106,股票,正常买卖,302,302,总公司,自营,99998-默认经纪人,1.04E+14,88213,190927,普通交易卖出,,,,-24.55,-8.18,0,0,0,-0.4,-0.16,-0.16,0,0,0,,普通帐户,TS,,,,,0,1,,,
10016157,深Ａ,SZ00000302,方正证券股份有限公司,2512,达华智能,卖出撤单,0,0.00 ,"5,400",0,0,0,2019/7/25 10:40,4.91,"5,400",0,0,柜台,395106,股票,正常买卖,302,302,总公司,自营,99998-默认经纪人,1.03E+14,88213,190928,普通交易卖出,,,,-79.54,-26.51,0,0,0,-1.29,-0.53,-0.53,0,0,0,,普通帐户,TS,,,,,0,1,,,
10016178,深Ａ,SZ00000302,方正证券股份有限公司,2127,南极电商,卖出撤单,0,0.00 ,600,0,0,0,2019/7/25 10:40,10.29,600,0,0,柜台,395106,股票,正常买卖,302,302,总公司,自营,99998-默认经纪人,1.04E+14,88213,190929,普通交易卖出,,,,-18.52,-6.17,0,0,0,-0.3,-0.12,-0.12,0,0,0,,普通帐户,TS,,,,,0,1,,,
10016192,深Ａ,SZ00000302,方正证券股份有限公司,2208,合肥城建,卖出撤单,0,0.00 ,"3,900",0,0,0,2019/7/25 10:40,7.79,"3,900",0,0,柜台,395106,股票,正常买卖,302,302,总公司,自营,99998-默认经纪人,1.02E+14,88213,190930,普通交易卖出,,,,-91.14,-30.38,0,0,0,-1.48,-0.61,-0.61,0,0,0,,普通帐户,TS,,,,,0,1,,,
10016158,深Ａ,SZ00000302,方正证券股份有限公司,2322,理工环科,卖出撤单,0,0.00 ,500,0,0,0,2019/7/25 10:40,12.23,500,0,0,柜台,395106,股票,正常买卖,302,302,总公司,自营,99998-默认经纪人,1.03E+14,88213,190931,普通交易卖出,,,,-18.35,-6.12,0,0,0,-0.3,-0.12,-0.12,0,0,0,,普通帐户,TS,,,,,0,1,,,
10016176,深Ａ,SZ00000302,方正证券股份有限公司,2423,中原特钢,卖出撤单,0,0.00 ,900,0,0,0,2019/7/25 10:40,9.19,900,0,0,柜台,395106,股票,正常买卖,302,302,总公司,自营,99998-默认经纪人,1.04E+14,88213,190932,普通交易卖出,,,,-24.81,-8.27,0,0,0,-0.4,-0.17,-0.17,0,0,0,,普通帐户,TS,,,,,0,1,,,
10016181,深Ａ,SZ00000302,方正证券股份有限公司,2432,九安医疗,卖出撤单,0,0.00 ,"1,600",0,0,0,2019/7/25 10:40,5.61,"1,600",0,0,柜台,395106,股票,正常买卖,302,302,总公司,自营,99998-默认经纪人,1.04E+14,88213,190933,普通交易卖出,,,,-26.93,-8.98,0,0,0,-0.44,-0.18,-0.18,0,0,0,,普通帐户,TS,,,,,0,1,,,
10016153,深Ａ,SZ00000302,方正证券股份有限公司,2478,常宝股份,卖出撤单,0,0.00 ,800,0,0,0,2019/7/25 10:40,6.46,"1,700",0,0,柜台,395106,股票,正常买卖,302,302,总公司,自营,99998-默认经纪人,1.03E+14,88213,190934,普通交易卖出,,,,-15.5,-5.17,0,0,0,-0.25,-0.1,-0.1,0,0,0,,普通帐户,TS,,,,,0,1,,,
1000081673,沪Ａ,SH00000302,方正证券股份有限公司,600694,大商股份,卖出撤单,27.63,0.00 ,500,0,0,0,2019/7/25 10:40,27.63,500,0,0,柜台,28450,股票,正常买卖,302,302,总公司,自营,99998-默认经纪人,1000081673,88213,190935,普通交易卖出,,,,0,13.82,0,0,0,0.67,0.28,0.28,0,0,0,,普通帐户,TS,,,,,0,1,,,
1000081698,沪Ａ,SH00000302,方正证券股份有限公司,600675,中华企业,卖出撤单,5.12,0.00 ,"1,700",0,0,0,2019/7/25 10:40,5.12,"7,000",0,0,柜台,28450,股票,正常买卖,302,302,总公司,自营,99998-默认经纪人,1000081698,88213,190936,普通交易卖出,,,,0,8.7,0,0,0,0.42,0.17,0.17,0,0,0,,普通帐户,TS,,,,,0,1,,,
1000081668,沪Ａ,SH00000302,方正证券股份有限公司,600685,中船防务,卖出撤单,16.08,0.00 ,"1,700",0,0,0,2019/7/25 10:40,16.08,"1,700",0,0,柜台,28450,股票,正常买卖,302,302,总公司,自营,99998-默认经纪人,1000081668,88213,190937,普通交易卖出,,,,0,27.34,0,0,0,1.33,0.55,0.55,0,0,0,,普通帐户,TS,,,,,0,1,,,
1000081695,沪Ａ,SH00000302,方正证券股份有限公司,600958,东方证券,卖出撤单,10.43,0.00 ,"1,000",0,0,0,2019/7/25 10:40,10.43,"1,000",0,0,柜台,28450,股票,正常买卖,302,302,总公司,自营,99998-默认经纪人,1000081695,88213,190938,普通交易卖出,,,,0,10.43,0,0,0,0.51,0.21,0.21,0,0,0,,普通帐户,TS,,,,,0,1,,,
1000081696,沪Ａ,SH00000302,方正证券股份有限公司,600673,东阳光,卖出撤单,7.91,0.00 ,"1,000",0,0,0,2019/7/25 10:40,7.91,"1,000",0,0,柜台,28450,股票,正常买卖,302,302,总公司,自营,99998-默认经纪人,1000081696,88213,190939,普通交易卖出,,,,0,7.91,0,0,0,0.39,0.16,0.16,0,0,0,,普通帐户,TS,,,,,0,1,,,
1000081693,沪Ａ,SH00000302,方正证券股份有限公司,600864,哈投股份,卖出撤单,6.63,0.00 ,"5,600",0,0,0,2019/7/25 10:40,6.63,"5,600",0,0,柜台,28450,股票,正常买卖,302,302,总公司,自营,99998-默认经纪人,1000081693,88213,190940,普通交易卖出,,,,0,37.13,0,0,0,1.81,0.74,0.74,0,0,0,,普通帐户,TS,,,,,0,1,,,
1000081655,沪Ａ,SH00000302,方正证券股份有限公司,600985,淮北矿业,卖出撤单,11.55,0.00 ,"1,700",0,0,0,2019/7/25 10:40,11.55,"1,700",0,0,柜台,28450,股票,正常买卖,302,302,总公司,自营,99998-默认经纪人,1000081655,88213,190941,普通交易卖出,,,,0,19.64,0,0,0,0.96,0.39,0.39,0,0,0,,普通帐户,TS,,,,,0,1,,,
1000081670,沪Ａ,SH00000302,方正证券股份有限公司,603508,思维列控,卖出撤单,67.3,0.00 ,600,0,0,0,2019/7/25 10:40,67.3,600,0,0,柜台,28450,股票,正常买卖,302,302,总公司,自营,99998-默认经纪人,1000081670,88213,190942,普通交易卖出,,,,0,40.38,0,0,0,1.97,0.81,0.81,0,0,0,,普通帐户,TS,,,,,0,1,,,
1000081662,沪Ａ,SH00000302,方正证券股份有限公司,600469,风神股份,卖出撤单,5.66,0.00 ,"13,000",0,0,0,2019/7/25 10:40,5.66,"13,000",0,0,柜台,28450,股票,正常买卖,302,302,总公司,自营,99998-默认经纪人,1000081662,88213,190943,普通交易卖出,,,,0,73.58,0,0,0,3.58,1.47,1.47,0,0,0,,普通帐户,TS,,,,,0,1,,,
1000081683,沪Ａ,SH00000302,方正证券股份有限公司,600643,爱建集团,卖出撤单,9.34,0.00 ,"1,700",0,0,0,2019/7/25 10:40,9.34,"1,700",0,0,柜台,28450,股票,正常买卖,302,302,总公司,自营,99998-默认经纪人,1000081683,88213,190944,普通交易卖出,,,,0,15.88,0,0,0,0.77,0.32,0.32,0,0,0,,普通帐户,TS,,,,,0,1,,,
1000081686,沪Ａ,SH00000302,方正证券股份有限公司,600785,新华百货,卖出撤单,15.77,0.00 ,"1,900",0,0,0,2019/7/25 10:40,15.77,"1,900",0,0,柜台,28450,股票,正常买卖,302,302,总公司,自营,99998-默认经纪人,1000081686,88213,190945,普通交易卖出,,,,0,29.96,0,0,0,1.46,0.6,0.6,0,0,0,,普通帐户,TS,,,,,0,1,,,
1000081689,沪Ａ,SH00000302,方正证券股份有限公司,600787,中储股份,卖出撤单,5.66,0.00 ,"3,000",0,0,0,2019/7/25 10:40,5.66,"3,000",0,0,柜台,28450,股票,正常买卖,302,302,总公司,自营,99998-默认经纪人,1000081689,88213,190946,普通交易卖出,,,,0,16.98,0,0,0,0.83,0.34,0.34,0,0,0,,普通帐户,TS,,,,,0,1,,,
1000081659,沪Ａ,SH00000302,方正证券股份有限公司,600682,南京新百,卖出撤单,11.56,0.00 ,"8,500",0,0,0,2019/7/25 10:40,11.56,"8,500",0,0,柜台,28450,股票,正常买卖,302,302,总公司,自营,99998-默认经纪人,1000081659,88213,190947,普通交易卖出,,,,0,98.26,0,0,0,4.79,1.97,1.97,0,0,0,,普通帐户,TS,,,,,0,1,,,
1000081682,沪Ａ,SH00000302,方正证券股份有限公司,600739,辽宁成大,卖出撤单,14.01,0.00 ,"1,600",0,0,0,2019/7/25 10:40,14.01,"4,100",0,0,柜台,28450,股票,正常买卖,302,302,总公司,自营,99998-默认经纪人,1000081682,88213,190948,普通交易卖出,,,,0,22.42,0,0,0,1.09,0.45,0.45,0,0,0,,普通帐户,TS,,,,,0,1,,,
1000081678,沪Ａ,SH00000302,方正证券股份有限公司,601555,东吴证券,卖出撤单,10.2,0.00 ,"4,600",0,0,0,2019/7/25 10:40,10.2,"4,600",0,0,柜台,28450,股票,正常买卖,302,302,总公司,自营,99998-默认经纪人,1000081678,88213,190949,普通交易卖出,,,,0,46.92,0,0,0,2.29,0.94,0.94,0,0,0,,普通帐户,TS,,,,,0,1,,,
1000081684,沪Ａ,SH00000302,方正证券股份有限公司,601677,明泰铝业,卖出撤单,10.29,0.00 ,"7,100",0,0,0,2019/7/25 10:40,10.29,"7,100",0,0,柜台,28450,股票,正常买卖,302,302,总公司,自营,99998-默认经纪人,1000081684,88213,190950,普通交易卖出,,,,0,73.06,0,0,0,3.56,1.46,1.46,0,0,0,,普通帐户,TS,,,,,0,1,,,
1000081675,沪Ａ,SH00000302,方正证券股份有限公司,603727,博迈科,卖出撤单,19.78,0.00 ,"1,500",0,0,0,2019/7/25 10:40,19.78,"1,500",0,0,柜台,28450,股票,正常买卖,302,302,总公司,自营,99998-默认经纪人,1000081675,88213,190951,普通交易卖出,,,,0,29.67,0,0,0,1.44,0.59,0.59,0,0,0,,普通帐户,TS,,,,,0,1,,,
1000081680,沪Ａ,SH00000302,方正证券股份有限公司,603878,武进不锈,卖出撤单,9.89,0.00 ,"1,500",0,0,0,2019/7/25 10:40,9.89,"1,500",0,0,柜台,28450,股票,正常买卖,302,302,总公司,自营,99998-默认经纪人,1000081680,88213,190952,普通交易卖出,,,,0,14.84,0,0,0,0.72,0.3,0.3,0,0,0,,普通帐户,TS,,,,,0,1,,,
10016119,深Ａ,SZ00000302,方正证券股份有限公司,2707,众信旅游,卖出撤单,0,0.00 ,"3,000",0,0,0,2019/7/25 10:40,5.76,"6,400",0,0,柜台,395106,股票,正常买卖,302,302,总公司,自营,99998-默认经纪人,1.04E+14,88213,295133,普通交易卖出,,,,-51.84,-17.28,0,0,0,-0.84,-0.35,-0.35,0,0,0,,普通帐户,TS,,,,,0,1,,,
10016139,深Ａ,SZ00000302,方正证券股份有限公司,2851,麦格米特,卖出撤单,0,0.00 ,"1,700",0,0,0,2019/7/25 10:40,20.82,"1,700",0,0,柜台,395106,股票,正常买卖,302,302,总公司,自营,99998-默认经纪人,1.02E+14,88213,295144,普通交易卖出,,,,-106.18,-35.39,0,0,0,-1.72,-0.71,-0.71,0,0,0,,普通帐户,TS,,,,,0,1,,,
10016144,深Ａ,SZ00000302,方正证券股份有限公司,300006,莱美药业,卖出撤单,0,0.00 ,"1,500",0,0,0,2019/7/25 10:40,4.44,"1,500",0,0,柜台,395106,创业板,正常买卖,302,302,总公司,自营,99998-默认经纪人,1.01E+14,88213,295148,普通交易卖出,,,,-19.98,-6.66,0,0,0,-0.32,-0.13,-0.13,0,0,0,,普通帐户,TS,,,,,0,1,,,
10016114,深Ａ,SZ00000302,方正证券股份有限公司,300045,华力创通,卖出撤单,0,0.00 ,"1,000",0,0,0,2019/7/25 10:40,8.92,"1,000",0,0,柜台,395106,创业板,正常买卖,302,302,总公司,自营,99998-默认经纪人,1.01E+14,88213,295149,普通交易卖出,,,,-26.76,-8.92,0,0,0,-0.43,-0.18,-0.18,0,0,0,,普通帐户,TS,,,,,0,1,,,
10016118,深Ａ,SZ00000302,方正证券股份有限公司,300049,福瑞股份,卖出撤单,0,0.00 ,"1,200",0,0,0,2019/7/25 10:40,8.16,"1,200",0,0,柜台,395106,创业板,正常买卖,302,302,总公司,自营,99998-默认经纪人,1.03E+14,88213,295150,普通交易卖出,,,,-29.38,-9.79,0,0,0,-0.48,-0.2,-0.2,0,0,0,,普通帐户,TS,,,,,0,1,,,
10016141,深Ａ,SZ00000302,方正证券股份有限公司,300130,新国都,卖出撤单,0,0.00 ,"1,700",0,0,0,2019/7/25 10:40,16.08,"1,700",0,0,柜台,395106,创业板,正常买卖,302,302,总公司,自营,99998-默认经纪人,1.02E+14,88213,295151,普通交易卖出,,,,-82.01,-27.34,0,0,0,-1.33,-0.55,-0.55,0,0,0,,普通帐户,TS,,,,,0,1,,,
10016146,深Ａ,SZ00000302,方正证券股份有限公司,300231,银信科技,卖出撤单,0,0.00 ,"2,800",0,0,0,2019/7/25 10:40,7.1,"2,800",0,0,柜台,395106,创业板,正常买卖,302,302,总公司,自营,99998-默认经纪人,1.02E+14,88213,295152,普通交易卖出,,,,-59.64,-19.88,0,0,0,-0.97,-0.4,-0.4,0,0,0,,普通帐户,TS,,,,,0,1,,,
10016117,深Ａ,SZ00000302,方正证券股份有限公司,300270,中威电子,卖出撤单,0,0.00 ,"3,600",0,0,0,2019/7/25 10:40,6.83,"3,600",0,0,柜台,395106,创业板,正常买卖,302,302,总公司,自营,99998-默认经纪人,1.02E+14,88213,295153,普通交易卖出,,,,-73.76,-24.59,0,0,0,-1.2,-0.49,-0.49,0,0,0,,普通帐户,TS,,,,,0,1,,,
10016121,深Ａ,SZ00000302,方正证券股份有限公司,300271,华宇软件,卖出撤单,0,0.00 ,700,0,0,0,2019/7/25 10:40,19.86,700,0,0,柜台,395106,创业板,正常买卖,302,302,总公司,自营,99998-默认经纪人,1.02E+14,88213,295154,普通交易卖出,,,,-41.71,-13.9,0,0,0,-0.68,-0.28,-0.28,0,0,0,,普通帐户,TS,,,,,0,1,,,
10016125,深Ａ,SZ00000302,方正证券股份有限公司,300296,利亚德,卖出撤单,0,0.00 ,"6,300",0,0,0,2019/7/25 10:40,7.05,"6,300",0,0,柜台,395106,创业板,正常买卖,302,302,总公司,自营,99998-默认经纪人,1.04E+14,88213,295167,普通交易卖出,,,,-133.25,-44.42,0,0,0,-2.16,-0.89,-0.89,0,0,0,,普通帐户,TS,,,,,0,1,,,
10016179,深Ａ,SZ00000302,方正证券股份有限公司,61,农 产 品,卖出撤单,0,0.00 ,"2,600",0,0,0,2019/7/25 10:40,5.33,"2,600",0,0,柜台,395106,股票,正常买卖,302,302,总公司,自营,99998-默认经纪人,1.03E+14,88213,295196,普通交易卖出,,,,-41.57,-13.86,0,0,0,-0.67,-0.28,-0.28,0,0,0,,普通帐户,TS,,,,,0,1,,,
1000081685,沪Ａ,SH00000302,方正证券股份有限公司,600089,特变电工,卖出撤单,6.99,0.00 ,"7,000",0,0,0,2019/7/25 10:40,6.99,"7,000",0,0,柜台,28450,股票,正常买卖,302,302,总公司,自营,99998-默认经纪人,1000081685,88213,295204,普通交易卖出,,,,0,48.93,0,0,0,2.38,0.98,0.98,0,0,0,,普通帐户,TS,,,,,0,1,,,
1000081690,沪Ａ,SH00000302,方正证券股份有限公司,600306,商业城,卖出撤单,6.74,0.00 ,"1,000",0,0,0,2019/7/25 10:40,6.74,"1,000",0,0,柜台,28450,股票,正常买卖,302,302,总公司,自营,99998-默认经纪人,1000081690,88213,295205,普通交易卖出,,,,0,6.74,0,0,0,0.33,0.13,0.13,0,0,0,,普通帐户,TS,,,,,0,1,,,
10016151,深Ａ,SZ00000302,方正证券股份有限公司,503,国新健康,卖出撤单,0,0.00 ,"1,200",0,0,0,2019/7/25 10:40,16.25,"1,200",0,0,柜台,395106,股票,正常买卖,302,302,总公司,自营,99998-默认经纪人,1.03E+14,88213,295209,普通交易卖出,,,,-58.5,-19.5,0,0,0,-0.95,-0.39,-0.39,0,0,0,,普通帐户,TS,,,,,0,1,,,
10016190,深Ａ,SZ00000302,方正证券股份有限公司,685,中山公用,卖出撤单,0,0.00 ,"2,300",0,0,0,2019/7/25 10:40,8.38,"2,300",0,0,柜台,395106,股票,正常买卖,302,302,总公司,自营,99998-默认经纪人,1.04E+14,88213,295211,普通交易卖出,,,,-57.82,-19.27,0,0,0,-0.94,-0.39,-0.39,0,0,0,,普通帐户,TS,,,,,0,1,,,
10016150,深Ａ,SZ00000302,方正证券股份有限公司,697,炼石航空,卖出撤单,0,0.00 ,500,0,0,0,2019/7/25 10:40,10.75,500,0,0,柜台,395106,股票,正常买卖,302,302,总公司,自营,99998-默认经纪人,1.04E+14,88213,295212,普通交易卖出,,,,-16.13,-5.38,0,0,0,-0.26,-0.11,-0.11,0,0,0,,普通帐户,TS,,,,,0,1,,,
1000081665,沪Ａ,SH00000302,方正证券股份有限公司,600026,中远海能,卖出撤单,6.42,0.00 ,"9,500",0,0,0,2019/7/25 10:40,6.42,"9,500",0,0,柜台,28450,股票,正常买卖,302,302,总公司,自营,99998-默认经纪人,1000081665,88213,295220,普通交易卖出,,,,0,60.99,0,0,0,2.97,1.22,1.22,0,0,0,,普通帐户,TS,,,,,0,1,,,
10016155,深Ａ,SZ00000302,方正证券股份有限公司,701,厦门信达,卖出撤单,0,0.00 ,"2,000",0,0,0,2019/7/25 10:40,6.05,"2,000",0,0,柜台,395106,股票,正常买卖,302,302,总公司,自营,99998-默认经纪人,1.04E+14,88213,295221,普通交易卖出,,,,-36.3,-12.1,0,0,0,-0.59,-0.24,-0.24,0,0,0,,普通帐户,TS,,,,,0,1,,,
1000081694,沪Ａ,SH00000302,方正证券股份有限公司,600332,白云山,卖出撤单,38.12,0.00 ,800,0,0,0,2019/7/25 10:40,38.12,800,0,0,柜台,28450,股票,正常买卖,302,302,总公司,自营,99998-默认经纪人,1000081694,88213,295222,普通交易卖出,,,,0,30.5,0,0,0,1.49,0.61,0.61,0,0,0,,普通帐户,TS,,,,,0,1,,,
1000081677,沪Ａ,SH00000302,方正证券股份有限公司,600636,三爱富,卖出撤单,10.63,0.00 ,"13,500",0,0,0,2019/7/25 10:40,10.63,"13,500",0,0,柜台,28450,股票,正常买卖,302,302,总公司,自营,99998-默认经纪人,1000081677,88213,295223,普通交易卖出,,,,0,143.51,0,0,0,6.99,2.87,2.87,0,0,0,,普通帐户,TS,,,,,0,1,,,
1000081658,沪Ａ,SH00000302,方正证券股份有限公司,600418,江淮汽车,卖出撤单,5.08,0.00 ,"2,300",0,0,0,2019/7/25 10:40,5.08,"2,300",0,0,柜台,28450,股票,正常买卖,302,302,总公司,自营,99998-默认经纪人,1000081658,88213,295224,普通交易卖出,,,,0,11.68,0,0,0,0.57,0.23,0.23,0,0,0,,普通帐户,TS,,,,,0,1,,,
