发生日期,交易市场,股东代码,股东姓名,证券代码,证券名称,股份余额,非流通股份,限售股份,证券市值,资金帐号,客户代码,质押券余额,质押券可用数,股份状态,营业部,客户类别,账户属性,证券类别,净资本类别,交易类型,实现收益,行业种类,成本价,成本金额,浮动盈亏,收盘价,总股本,占总股本比例%,流通股本,占流通股本比例%,统计占比%,股份总余额,证券市场价值,融券余额,标准券余额/元,标准券可用/元,人民币证券市值,流通股市值,限售股市值,非流通股市值,可售冻结余额,不可售冻结余额,参考汇率,结算币种证券市值,结算币种成本价,结算币种实现收益,结算币种成本金额,结算币种浮动盈亏,结算币种收盘价,结算币种市场价值,待交收数量,报价回购质押入库可用数,报价回购质押入库余额,质押数量,成份股标识
2019/7/25,沪Ａ,SH00000302,方正证券股份有限公司,510500,500ETF,165000.00 ,0,0,"870,045.00",302,302,0,0,正常,总公司,自营,普通帐户,ETF基金,,正常买卖,"-31,184.53",,5.246,"865,599.01","4,445.99",5.273,"8,974,667,244",0.0018,"8,974,667,244",0.0018,0,"165,000","869,715.00",0,0,0,"870,045.00","870,045.00",0,0,0,0,1,"870,045.00",5.2461,"-31,184.53","865,599.01","4,445.99",5.273,"869,715.00",0,0,0,0,
2019/7/25,沪Ａ,SH00000302,方正证券股份有限公司,511880,银华日利,259401.00 ,0,0,"26,350,212.98",302,302,0,0,正常,总公司,自营,普通帐户,ETF基金,,正常买卖,"19,275.27",,101.396,"26,302,152.67","48,060.31",101.581,"565,575,160",0.0459,"565,575,160",0.0459,0,"259,401","26,353,325.79",0,0,0,"26,350,212.98","26,350,212.98",0,0,0,0,1,"26,350,212.98",101.3957,"19,275.27","26,302,152.67","48,060.31",101.581,"26,353,325.79",0,0,0,0,
2019/7/25,沪Ａ,SH00000302,方正证券股份有限公司,600019,宝钢股份,6400.00 ,0,0,"40,256.00",302,302,0,0,正常,总公司,自营,普通帐户,股票,,正常买卖,0,,6.306,"40,355.58",-99.58,6.29,"22,276,134,075",0,"22,101,086,925",0,0,"6,400","40,192.00",0,0,0,"40,256.00","40,256.00",0,0,0,0,1,"40,256.00",6.3056,0,"40,355.58",-99.58,6.29,"40,192.00",0,0,0,0,A^B
2019/7/25,沪Ａ,SH00000302,方正证券股份有限公司,600026,中远海能,19000.00 ,0,0,"122,170.00",302,302,0,0,正常,总公司,自营,普通帐户,股票,,正常买卖,0,,6.536,"124,176.01","-2,006.01",6.43,"2,736,032,861",0.0007,"2,736,032,861",0.0007,0,"19,000","121,790.00",0,0,0,"122,170.00","122,170.00",0,0,0,0,1,"122,170.00",6.5356,0,"124,176.01","-2,006.01",6.43,"121,790.00",0,0,0,0,
2019/7/25,沪Ａ,SH00000302,方正证券股份有限公司,600036,招商银行,2100.00 ,0,0,"78,246.00",302,302,0,0,正常,总公司,自营,普通帐户,股票,,正常买卖,"1,054.13",,36.837,"77,358.41",887.59,37.26,"20,628,944,429",0,"20,628,944,429",0,0,"2,100","77,973.00",0,0,0,"78,246.00","78,246.00",0,0,0,0,1,"78,246.00",36.8373,"1,054.13","77,358.41",887.59,37.26,"77,973.00",0,0,0,0,A^B
2019/7/25,沪Ａ,SH00000302,方正证券股份有限公司,600053,九鼎投资,1000.00 ,0,0,"23,300.00",302,302,0,0,正常,总公司,自营,普通帐户,股票,,正常买卖,-362.7,,23.817,"23,817.14",-517.14,23.3,"433,540,800",0.0002,"433,540,800",0.0002,0,"1,000","23,200.00",0,0,0,"23,300.00","23,300.00",0,0,0,0,1,"23,300.00",23.8171,-362.7,"23,817.14",-517.14,23.3,"23,200.00",0,0,0,0,
2019/7/25,沪Ａ,SH00000302,方正证券股份有限公司,600064,南京高科,3400.00 ,0,0,"32,062.00",302,302,0,0,正常,总公司,自营,普通帐户,股票,,正常买卖,-326.76,,9.506,"32,319.89",-257.89,9.43,"1,235,956,888",0.0003,"1,235,956,888",0.0003,0,"3,400","33,116.00",0,0,0,"32,062.00","32,062.00",0,0,0,0,1,"32,062.00",9.5059,-326.76,"32,319.89",-257.89,9.43,"33,116.00",0,0,0,0,
2019/7/25,沪Ａ,SH00000302,方正证券股份有限公司,600089,特变电工,14000.00 ,0,0,"97,860.00",302,302,0,0,正常,总公司,自营,普通帐户,股票,,正常买卖,0,,7.006,"98,078.71",-218.71,6.99,"3,714,502,789",0.0004,"3,714,312,789",0.0004,0,"14,000","97,860.00",0,0,0,"97,860.00","97,860.00",0,0,0,0,1,"97,860.00",7.0056,0,"98,078.71",-218.71,6.99,"97,860.00",0,0,0,0,A^B
2019/7/25,沪Ａ,SH00000302,方正证券股份有限公司,600094,大名城,8800.00 ,0,0,"66,088.00",302,302,0,0,正常,总公司,自营,普通帐户,股票,,正常买卖,0,,7.986,"70,274.24","-4,186.24",7.51,"2,276,604,962",0.0004,"2,276,604,962",0.0004,0,"8,800","66,792.00",0,0,0,"66,088.00","66,088.00",0,0,0,0,1,"66,088.00",7.9857,0,"70,274.24","-4,186.24",7.51,"66,792.00",0,0,0,0,
2019/7/25,沪Ａ,SH00000302,方正证券股份有限公司,600191,华资实业,4700.00 ,0,0,"26,555.00",302,302,0,0,正常,总公司,自营,普通帐户,股票,,正常买卖,0,,5.621,"26,416.35",138.65,5.65,"484,932,000",0.001,"484,932,000",0.001,0,"4,700","26,461.00",0,0,0,"26,555.00","26,555.00",0,0,0,0,1,"26,555.00",5.6205,0,"26,416.35",138.65,5.65,"26,461.00",0,0,0,0,
2019/7/25,沪Ａ,SH00000302,方正证券股份有限公司,600306,商业城,2000.00 ,0,0,"13,260.00",302,302,0,0,正常,总公司,自营,普通帐户,股票,,正常买卖,0,,6.579,"13,157.13",102.87,6.63,"178,138,918",0.0011,"177,405,726",0.0011,0,"2,000","13,280.00",0,0,0,"13,260.00","13,260.00",0,0,0,0,1,"13,260.00",6.5786,0,"13,157.13",102.87,6.63,"13,280.00",0,0,0,0,
2019/7/25,沪Ａ,SH00000302,方正证券股份有限公司,600332,白云山,1600.00 ,0,0,"61,088.00",302,302,0,0,正常,总公司,自营,普通帐户,股票,,正常买卖,0,,38.473,"61,557.48",-469.48,38.18,"1,405,890,949",0.0001,"1,071,179,250",0.0001,0,"1,600","61,696.00",0,0,0,"61,088.00","61,088.00",0,0,0,0,1,"61,088.00",38.4734,0,"61,557.48",-469.48,38.18,"61,696.00",0,0,0,0,A^B
2019/7/25,沪Ａ,SH00000302,方正证券股份有限公司,600340,华夏幸福,1500.00 ,0,0,"46,455.00",302,302,0,0,正常,总公司,自营,普通帐户,股票,,正常买卖,553.23,,30.348,"45,521.54",933.46,30.97,"3,002,591,709",0,"2,954,946,709",0.0001,0,"1,500","46,485.00",0,0,0,"46,455.00","46,455.00",0,0,0,0,1,"46,455.00",30.3477,553.23,"45,521.54",933.46,30.97,"46,485.00",0,0,0,0,A^B
2019/7/25,沪Ａ,SH00000302,方正证券股份有限公司,600416,湘电股份,13000.00 ,0,0,"73,840.00",302,302,0,0,正常,总公司,自营,普通帐户,股票,,正常买卖,"-2,198.80",,5.807,"75,488.68","-1,648.68",5.68,"945,834,325",0.0014,"881,441,612",0.0015,0,"13,000","73,970.00",0,0,0,"73,840.00","73,840.00",0,0,0,0,1,"73,840.00",5.8068,"-2,198.80","75,488.68","-1,648.68",5.68,"73,970.00",0,0,0,0,
2019/7/25,沪Ａ,SH00000302,方正证券股份有限公司,600418,江淮汽车,4600.00 ,0,0,"23,322.00",302,302,0,0,正常,总公司,自营,普通帐户,股票,,正常买卖,0,,5.035,"23,163.06",158.94,5.07,"1,893,312,117",0.0002,"1,893,312,117",0.0002,0,"4,600","23,414.00",0,0,0,"23,322.00","23,322.00",0,0,0,0,1,"23,322.00",5.0354,0,"23,163.06",158.94,5.07,"23,414.00",0,0,0,0,
2019/7/25,沪Ａ,SH00000302,方正证券股份有限公司,600469,风神股份,26000.00 ,0,0,"151,060.00",302,302,0,0,正常,总公司,自营,普通帐户,股票,,正常买卖,520,,5.778,"150,240.32",819.68,5.83,"562,413,222",0.0046,"562,413,222",0.0046,0,"26,000","152,100.00",0,0,0,"151,060.00","151,060.00",0,0,0,0,1,"151,060.00",5.7785,520,"150,240.32",819.68,5.83,"152,100.00",0,0,0,0,
2019/7/25,沪Ａ,SH00000302,方正证券股份有限公司,600519,贵州茅台,100.00 ,0,0,"96,300.00",302,302,0,0,正常,总公司,自营,普通帐户,股票,,正常买卖,"-1,319.77",,956.17,"95,616.99",683.01,963,"1,256,197,800",0,"1,256,197,800",0,0,100,"96,400.00",0,0,0,"96,300.00","96,300.00",0,0,0,0,1,"96,300.00",956.1699,"-1,319.77","95,616.99",683.01,963,"96,400.00",0,0,0,0,A^B
2019/7/25,沪Ａ,SH00000302,方正证券股份有限公司,600532,宏达矿业,1400.00 ,0,0,"6,692.00",302,302,0,0,正常,总公司,自营,普通帐户,股票,,正常买卖,0,,4.89,"6,846.61",-154.61,4.78,"516,065,720",0.0003,"516,065,720",0.0003,0,"1,400","6,692.00",0,0,0,"6,692.00","6,692.00",0,0,0,0,1,"6,692.00",4.8904,0,"6,846.61",-154.61,4.78,"6,692.00",0,0,0,0,
2019/7/25,沪Ａ,SH00000302,方正证券股份有限公司,600546,山煤国际,1800.00 ,0,0,"12,852.00",302,302,0,0,正常,总公司,自营,普通帐户,股票,,正常买卖,678.71,,6.396,"11,512.02","1,339.98",7.14,"1,982,456,140",0.0001,"1,982,456,140",0.0001,0,"1,800","12,600.00",0,0,0,"12,852.00","12,852.00",0,0,0,0,1,"12,852.00",6.3956,678.71,"11,512.02","1,339.98",7.14,"12,600.00",0,0,0,0,
2019/7/25,沪Ａ,SH00000302,方正证券股份有限公司,600594,益佰制药,2700.00 ,0,0,"13,392.00",302,302,0,0,正常,总公司,自营,普通帐户,股票,,正常买卖,0,,4.97,"13,420.19",-28.19,4.96,"791,927,400",0.0003,"791,927,400",0.0003,0,"2,700","13,311.00",0,0,0,"13,392.00","13,392.00",0,0,0,0,1,"13,392.00",4.9704,0,"13,420.19",-28.19,4.96,"13,311.00",0,0,0,0,
2019/7/25,沪Ａ,SH00000302,方正证券股份有限公司,600636,三爱富,27000.00 ,0,0,"284,850.00",302,302,0,0,正常,总公司,自营,普通帐户,股票,,正常买卖,0,,10.649,"287,530.46","-2,680.46",10.55,"446,936,885",0.006,"446,936,885",0.006,0,"27,000","284,580.00",0,0,0,"284,850.00","284,850.00",0,0,0,0,1,"284,850.00",10.6493,0,"287,530.46","-2,680.46",10.55,"284,580.00",0,0,0,0,
2019/7/25,沪Ａ,SH00000302,方正证券股份有限公司,600643,爱建集团,3400.00 ,0,0,"32,028.00",302,302,0,0,正常,总公司,自营,普通帐户,股票,,正常买卖,0,,9.361,"31,826.84",201.16,9.42,"1,621,922,452",0.0002,"1,434,058,576",0.0002,0,"3,400","31,824.00",0,0,0,"32,028.00","32,028.00",0,0,0,0,1,"32,028.00",9.3608,0,"31,826.84",201.16,9.42,"31,824.00",0,0,0,0,A
2019/7/25,沪Ａ,SH00000302,方正证券股份有限公司,600645,中源协和,700.00 ,0,0,"11,242.00",302,302,0,0,正常,总公司,自营,普通帐户,股票,,正常买卖,-34.25,,16.091,"11,264.01",-22.01,16.06,"440,161,089",0.0002,"383,774,589",0.0002,0,700,"11,186.00",0,0,0,"11,242.00","11,242.00",0,0,0,0,1,"11,242.00",16.0914,-34.25,"11,264.01",-22.01,16.06,"11,186.00",0,0,0,0,
2019/7/25,沪Ａ,SH00000302,方正证券股份有限公司,600649,城投控股,1200.00 ,0,0,"7,680.00",302,302,0,0,正常,总公司,自营,普通帐户,股票,,正常买卖,0,,6.431,"7,716.69",-36.69,6.4,"2,529,575,634",0,"2,420,792,222",0,0,"1,200","7,656.00",0,0,0,"7,680.00","7,680.00",0,0,0,0,1,"7,680.00",6.4306,0,"7,716.69",-36.69,6.4,"7,656.00",0,0,0,0,
2019/7/25,沪Ａ,SH00000302,方正证券股份有限公司,600673,东阳光,2000.00 ,0,0,"15,840.00",302,302,0,0,正常,总公司,自营,普通帐户,股票,,正常买卖,0,,7.871,"15,741.40",98.6,7.92,"3,013,897,259",0.0001,"2,457,416,177",0.0001,0,"2,000","15,880.00",0,0,0,"15,840.00","15,840.00",0,0,0,0,1,"15,840.00",7.8707,0,"15,741.40",98.6,7.92,"15,880.00",0,0,0,0,
2019/7/25,沪Ａ,SH00000302,方正证券股份有限公司,600675,中华企业,8700.00 ,0,0,"44,457.00",302,302,0,0,正常,总公司,自营,普通帐户,股票,,正常买卖,47.714,,5.105,"44,417.43",39.57,5.11,"6,096,135,252",0.0001,"2,240,471,278",0.0004,0,"8,700","44,283.00",0,0,0,"44,457.00","44,457.00",0,0,0,0,1,"44,457.00",5.1055,47.714,"44,417.43",39.566,5.11,"44,283.00",0,0,0,0,
2019/7/25,沪Ａ,SH00000302,方正证券股份有限公司,600682,南京新百,17000.00 ,0,0,"197,370.00",302,302,0,0,正常,总公司,自营,普通帐户,股票,,正常买卖,"52,686.51",,11.601,"197,215.40",154.6,11.61,"1,346,132,221",0.0013,"1,002,096,751",0.0017,0,"17,000","201,280.00",0,0,0,"197,370.00","197,370.00",0,0,0,0,1,"197,370.00",11.6009,"52,686.51","197,215.40",154.6,11.61,"201,280.00",0,0,0,0,
2019/7/25,沪Ａ,SH00000302,方正证券股份有限公司,600685,中船防务,3400.00 ,0,0,"55,046.00",302,302,0,0,正常,总公司,自营,普通帐户,股票,,正常买卖,0,,16.331,"55,526.94",-480.94,16.19,"821,435,181",0.0004,"821,435,181",0.0004,0,"3,400","54,434.00",0,0,0,"55,046.00","55,046.00",0,0,0,0,1,"55,046.00",16.3315,0,"55,526.94",-480.94,16.19,"54,434.00",0,0,0,0,
2019/7/25,沪Ａ,SH00000302,方正证券股份有限公司,600694,大商股份,1000.00 ,0,0,"27,750.00",302,302,0,0,正常,总公司,自营,普通帐户,股票,,正常买卖,0,,27.622,"27,622.46",127.54,27.75,"293,718,653",0.0003,"293,718,653",0.0003,0,"1,000","27,790.00",0,0,0,"27,750.00","27,750.00",0,0,0,0,1,"27,750.00",27.6225,0,"27,622.46",127.54,27.75,"27,790.00",0,0,0,0,
2019/7/25,沪Ａ,SH00000302,方正证券股份有限公司,600699,均胜电子,3300.00 ,0,0,"72,369.00",302,302,0,0,正常,总公司,自营,普通帐户,股票,,正常买卖,-200.555,,21.937,"72,391.93",-22.93,21.93,"949,289,000",0.0003,"949,289,000",0.0003,0,"3,300","72,105.00",0,0,0,"72,369.00","72,369.00",0,0,0,0,1,"72,369.00",21.9369,-200.555,"72,391.93",-22.925,21.93,"72,105.00",0,0,0,0,A
2019/7/25,沪Ａ,SH00000302,方正证券股份有限公司,600739,辽宁成大,5700.00 ,0,0,"79,401.00",302,302,0,0,正常,总公司,自营,普通帐户,股票,,正常买卖,-141.303,,14.051,"80,092.10",-691.1,13.93,"1,529,709,816",0.0004,"1,529,709,816",0.0004,0,"5,700","79,629.00",0,0,0,"79,401.00","79,401.00",0,0,0,0,1,"79,401.00",14.0512,-141.303,"80,092.10",-691.097,13.93,"79,629.00",0,0,0,0,
2019/7/25,沪Ａ,SH00000302,方正证券股份有限公司,600784,鲁银投资,9700.00 ,0,0,"48,403.00",302,302,0,0,正常,总公司,自营,普通帐户,股票,,正常买卖,0,,4.99,"48,407.30",-4.3,4.99,"568,177,846",0.0017,"568,177,846",0.0017,0,"9,700","48,500.00",0,0,0,"48,403.00","48,403.00",0,0,0,0,1,"48,403.00",4.9904,0,"48,407.30",-4.3,4.99,"48,500.00",0,0,0,0,
2019/7/25,沪Ａ,SH00000302,方正证券股份有限公司,600785,新华百货,3800.00 ,0,0,"59,964.00",302,302,0,0,正常,总公司,自营,普通帐户,股票,,正常买卖,0,,15.78,"59,962.28",1.72,15.78,"225,631,280",0.0017,"225,631,280",0.0017,0,"3,800","60,040.00",0,0,0,"59,964.00","59,964.00",0,0,0,0,1,"59,964.00",15.7795,0,"59,962.28",1.72,15.78,"60,040.00",0,0,0,0,
2019/7/25,沪Ａ,SH00000302,方正证券股份有限公司,600787,中储股份,6000.00 ,0,0,"34,020.00",302,302,0,0,正常,总公司,自营,普通帐户,股票,,正常买卖,0,,5.641,"33,843.00",177,5.67,"2,199,801,033",0.0003,"2,199,801,033",0.0003,0,"6,000","34,020.00",0,0,0,"34,020.00","34,020.00",0,0,0,0,1,"34,020.00",5.6405,0,"33,843.00",177,5.67,"34,020.00",0,0,0,0,
2019/7/25,沪Ａ,SH00000302,方正证券股份有限公司,600837,海通证券,4400.00 ,0,0,"61,116.00",302,302,0,0,正常,总公司,自营,普通帐户,股票,,正常买卖,15.415,,14.111,"62,089.51",-973.51,14.04,"8,092,131,180",0.0001,"8,092,131,180",0.0001,0,"4,400","60,940.00",0,0,0,"61,116.00","61,116.00",0,0,0,0,1,"61,116.00",14.1113,15.415,"62,089.51",-973.505,14.04,"60,940.00",0,0,0,0,A^B
2019/7/25,沪Ａ,SH00000302,方正证券股份有限公司,600851,海欣股份,3700.00 ,0,0,"26,825.00",302,302,0,0,正常,总公司,自营,普通帐户,股票,,正常买卖,0,,7.291,"26,975.39",-150.39,7.25,"738,206,110",0.0005,"738,206,110",0.0005,0,"3,700","26,825.00",0,0,0,"26,825.00","26,825.00",0,0,0,0,1,"26,825.00",7.2906,0,"26,975.39",-150.39,7.25,"26,825.00",0,0,0,0,
2019/7/25,沪Ａ,SH00000302,方正证券股份有限公司,600864,哈投股份,11200.00 ,0,0,"74,368.00",302,302,0,0,正常,总公司,自营,普通帐户,股票,,正常买卖,0,,6.771,"75,830.73","-1,462.73",6.64,"2,108,513,762",0.0005,"1,578,317,353",0.0007,0,"11,200","73,920.00",0,0,0,"74,368.00","74,368.00",0,0,0,0,1,"74,368.00",6.7706,0,"75,830.73","-1,462.73",6.64,"73,920.00",0,0,0,0,
2019/7/25,沪Ａ,SH00000302,方正证券股份有限公司,600958,东方证券,2000.00 ,0,0,"20,780.00",302,302,0,0,正常,总公司,自营,普通帐户,股票,,正常买卖,130.413,,10.438,"20,875.78",-95.78,10.39,"5,966,575,803",0,"5,677,360,540",0,0,"2,000","20,660.00",0,0,0,"20,780.00","20,780.00",0,0,0,0,1,"20,780.00",10.4379,130.413,"20,875.78",-95.783,10.39,"20,660.00",0,0,0,0,A^B
2019/7/25,沪Ａ,SH00000302,方正证券股份有限公司,600985,淮北矿业,3400.00 ,0,0,"38,828.00",302,302,0,0,正常,总公司,自营,普通帐户,股票,,正常买卖,0,,11.651,"39,613.51",-785.51,11.42,"2,172,412,235",0.0002,"262,854,744",0.0013,0,"3,400","38,726.00",0,0,0,"38,828.00","38,828.00",0,0,0,0,1,"38,828.00",11.651,0,"39,613.51",-785.51,11.42,"38,726.00",0,0,0,0,
2019/7/25,沪Ａ,SH00000302,方正证券股份有限公司,600999,招商证券,600.00 ,0,0,"10,212.00",302,302,0,0,正常,总公司,自营,普通帐户,股票,,正常买卖,-23.965,,16.971,"10,182.90",29.1,17.02,"5,719,008,149",0,"5,719,008,149",0,0,600,"10,170.00",0,0,0,"10,212.00","10,212.00",0,0,0,0,1,"10,212.00",16.9715,-23.965,"10,182.90",29.105,17.02,"10,170.00",0,0,0,0,A^B
2019/7/25,沪Ａ,SH00000302,方正证券股份有限公司,601166,兴业银行,700.00 ,0,0,"13,524.00",302,302,0,0,正常,总公司,自营,普通帐户,股票,,正常买卖,173.28,,18.812,"13,168.17",355.83,19.32,"20,774,190,751",0,"19,052,336,751",0,0,700,"13,468.00",0,0,0,"13,524.00","13,524.00",0,0,0,0,1,"13,524.00",18.8117,173.28,"13,168.17",355.83,19.32,"13,468.00",0,0,0,0,A^B
2019/7/25,沪Ａ,SH00000302,方正证券股份有限公司,601318,中国平安,300.00 ,0,0,"26,823.00",302,302,0,0,正常,总公司,自营,普通帐户,股票,,正常买卖,-116.925,,89.253,"26,775.88",47.12,89.41,"10,832,664,498",0,"10,832,664,498",0,0,300,"26,832.00",0,0,0,"26,823.00","26,823.00",0,0,0,0,1,"26,823.00",89.2529,-116.925,"26,775.88",47.125,89.41,"26,832.00",0,0,0,0,A^B
2019/7/25,沪Ａ,SH00000302,方正证券股份有限公司,601377,兴业证券,1300.00 ,0,0,"8,541.00",302,302,0,0,正常,总公司,自营,普通帐户,股票,,正常买卖,-133.555,,6.676,"8,678.25",-137.25,6.57,"6,696,671,674",0,"6,696,671,674",0,0,"1,300","8,515.00",0,0,0,"8,541.00","8,541.00",0,0,0,0,1,"8,541.00",6.6756,-133.555,"8,678.25",-137.245,6.57,"8,515.00",0,0,0,0,A^B
2019/7/25,沪Ａ,SH00000302,方正证券股份有限公司,601555,东吴证券,9200.00 ,0,0,"93,840.00",302,302,0,0,正常,总公司,自营,普通帐户,股票,,正常买卖,0,,10.356,"95,274.44","-1,434.44",10.2,"3,000,000,000",0.0003,"2,891,000,000",0.0003,0,"9,200","93,196.00",0,0,0,"93,840.00","93,840.00",0,0,0,0,1,"93,840.00",10.3559,0,"95,274.44","-1,434.44",10.2,"93,196.00",0,0,0,0,A^B
2019/7/25,沪Ａ,SH00000302,方正证券股份有限公司,601628,中国人寿,400.00 ,0,0,"12,272.00",302,302,0,0,正常,总公司,自营,普通帐户,股票,,正常买卖,"11,397.12",,30.181,"12,072.36",199.64,30.68,"20,823,530,000",0,"20,823,530,000",0,0,400,"12,152.00",0,0,0,"12,272.00","12,272.00",0,0,0,0,1,"12,272.00",30.1809,"11,397.12","12,072.36",199.642,30.68,"12,152.00",0,0,0,0,A^B
2019/7/25,沪Ａ,SH00000302,方正证券股份有限公司,601669,中国电建,26300.00 ,0,0,"131,500.00",302,302,0,0,正常,总公司,自营,普通帐户,股票,,正常买卖,0,,5.04,"132,563.75","-1,063.75",5,"15,299,035,024",0.0002,"11,144,401,540",0.0002,0,"26,300","131,500.00",0,0,0,"131,500.00","131,500.00",0,0,0,0,1,"131,500.00",5.0404,0,"132,563.75","-1,063.75",5,"131,500.00",0,0,0,0,A^B
2019/7/25,沪Ａ,SH00000302,方正证券股份有限公司,601677,明泰铝业,14200.00 ,0,0,"146,260.00",302,302,0,0,正常,总公司,自营,普通帐户,股票,,正常买卖,0,,10.331,"146,696.94",-436.94,10.3,"629,977,415",0.0023,"574,621,415",0.0025,0,"14,200","145,408.00",0,0,0,"146,260.00","146,260.00",0,0,0,0,1,"146,260.00",10.3308,0,"146,696.94",-436.94,10.3,"145,408.00",0,0,0,0,
2019/7/25,沪Ａ,SH00000302,方正证券股份有限公司,601801,皖新传媒,6500.00 ,0,0,"37,895.00",302,302,0,0,正常,总公司,自营,普通帐户,股票,,正常买卖,0,,5.841,"37,963.37",-68.37,5.83,"1,989,204,737",0.0003,"1,989,204,737",0.0003,0,"6,500","37,765.00",0,0,0,"37,895.00","37,895.00",0,0,0,0,1,"37,895.00",5.8405,0,"37,963.37",-68.37,5.83,"37,765.00",0,0,0,0,
2019/7/25,沪Ａ,SH00000302,方正证券股份有限公司,601919,中远海控,16600.00 ,0,0,"80,012.00",302,302,0,0,正常,总公司,自营,普通帐户,股票,,正常买卖,0,,4.98,"82,675.33","-2,663.33",4.82,"9,678,929,227",0.0002,"7,635,674,357",0.0002,0,"16,600","79,514.00",0,0,0,"80,012.00","80,012.00",0,0,0,0,1,"80,012.00",4.9804,0,"82,675.33","-2,663.33",4.82,"79,514.00",0,0,0,0,B
2019/7/25,沪Ａ,SH00000302,方正证券股份有限公司,603026,石大胜华,800.00 ,0,0,"24,712.00",302,302,0,0,正常,总公司,自营,普通帐户,股票,,正常买卖,-361.005,,31.208,"24,966.21",-254.21,30.89,"202,680,000",0.0004,"202,680,000",0.0004,0,800,"24,568.00",0,0,0,"24,712.00","24,712.00",0,0,0,0,1,"24,712.00",31.2078,-361.005,"24,966.21",-254.205,30.89,"24,568.00",0,0,0,0,
2019/7/25,沪Ａ,SH00000302,方正证券股份有限公司,603116,红蜻蜓,7340.00 ,0,0,"55,784.00",302,302,0,0,正常,总公司,自营,普通帐户,股票,,正常买卖,0,,7.589,"55,702.33",81.67,7.6,"585,335,000",0.0013,"572,320,000",0.0013,0,"7,340","56,004.20",0,0,0,"55,784.00","55,784.00",0,0,0,0,1,"55,784.00",7.5889,0,"55,702.33",81.67,7.6,"56,004.20",0,0,0,0,
2019/7/25,沪Ａ,SH00000302,方正证券股份有限公司,603160,汇顶科技,200.00 ,0,0,"31,200.00",302,302,0,0,正常,总公司,自营,普通帐户,股票,,正常买卖,"1,397.16",,149.853,"29,970.65","1,229.35",156,"455,992,781",0,"231,595,583",0.0001,0,200,"31,048.00",0,0,0,"31,200.00","31,200.00",0,0,0,0,1,"31,200.00",149.8533,"1,397.16","29,970.65","1,229.35",156,"31,048.00",0,0,0,0,A^B
2019/7/25,沪Ａ,SH00000302,方正证券股份有限公司,603189,网达软件,600.00 ,0,0,"11,022.00",302,302,0,0,正常,总公司,自营,普通帐户,股票,,正常买卖,88.87,,18.422,"11,052.99",-30.99,18.37,"220,800,000",0.0003,"110,100,000",0.0005,0,600,"10,854.00",0,0,0,"11,022.00","11,022.00",0,0,0,0,1,"11,022.00",18.4217,88.87,"11,052.99",-30.99,18.37,"10,854.00",0,0,0,0,
2019/7/25,沪Ａ,SH00000302,方正证券股份有限公司,603444,吉比特,200.00 ,0,0,"41,880.00",302,302,0,0,正常,总公司,自营,普通帐户,股票,,正常买卖,-637.32,,212.269,"42,453.74",-573.74,209.4,"71,882,225",0.0003,"41,540,289",0.0005,0,200,"41,624.00",0,0,0,"41,880.00","41,880.00",0,0,0,0,1,"41,880.00",212.2687,-637.32,"42,453.74",-573.74,209.4,"41,624.00",0,0,0,0,
2019/7/25,沪Ａ,SH00000302,方正证券股份有限公司,603508,思维列控,1200.00 ,0,0,"81,264.00",302,302,0,0,正常,总公司,自营,普通帐户,股票,,正常买卖,0,,68.566,"82,279.29","-1,015.29",67.72,"194,738,751",0.0006,"157,623,313",0.0008,0,"1,200","81,744.00",0,0,0,"81,264.00","81,264.00",0,0,0,0,1,"81,264.00",68.5661,0,"82,279.29","-1,015.29",67.72,"81,744.00",0,0,0,0,
2019/7/25,沪Ａ,SH00000302,方正证券股份有限公司,603727,博迈科,3000.00 ,0,0,"57,600.00",302,302,0,0,正常,总公司,自营,普通帐户,股票,,正常买卖,0,,19.247,"57,740.11",-140.11,19.2,"234,145,000",0.0013,"94,870,000",0.0032,0,"3,000","63,360.00",0,0,0,"57,600.00","57,600.00",0,0,0,0,1,"57,600.00",19.2467,0,"57,740.11",-140.11,19.2,"63,360.00",0,0,0,0,
2019/7/25,沪Ａ,SH00000302,方正证券股份有限公司,603817,海峡环保,1200.00 ,0,0,"8,580.00",302,302,0,0,正常,总公司,自营,普通帐户,股票,,正常买卖,0,,7.265,"8,717.77",-137.77,7.15,"450,000,000",0.0003,"180,000,000",0.0007,0,"1,200","8,544.00",0,0,0,"8,580.00","8,580.00",0,0,0,0,1,"8,580.00",7.2648,0,"8,717.77",-137.77,7.15,"8,544.00",0,0,0,0,
2019/7/25,沪Ａ,SH00000302,方正证券股份有限公司,603878,武进不锈,3000.00 ,0,0,"29,910.00",302,302,0,0,正常,总公司,自营,普通帐户,股票,,正常买卖,0,,9.996,"29,987.68",-77.68,9.97,"286,256,320",0.001,"143,142,314",0.0021,0,"3,000","29,880.00",0,0,0,"29,910.00","29,910.00",0,0,0,0,1,"29,910.00",9.9959,0,"29,987.68",-77.68,9.97,"29,880.00",0,0,0,0,
2019/7/25,深Ａ,SZ00000302,方正证券股份有限公司,34,神州数码,600.00 ,0,0,"7,620.00",302,302,0,0,正常,总公司,自营,普通帐户,股票,,正常买卖,69.02,批发业,12.611,"7,566.67",53.33,12.7,"654,070,434",0.0001,"485,475,941",0.0001,0,600,"7,686.00",0,0,0,"7,620.00","7,620.00",0,0,0,0,1,"7,620.00",12.6111,69.02,"7,566.67",53.33,12.7,"7,686.00",0,0,0,0,
2019/7/25,深Ａ,SZ00000302,方正证券股份有限公司,39,中集集团,3400.00 ,0,0,"35,020.00",302,302,0,0,正常,总公司,自营,普通帐户,股票,,正常买卖,0,金属制品业,10.434,"35,476.15",-456.15,10.3,"1,522,638,752",0.0002,"1,521,904,720",0.0002,0,"3,400","35,020.00",0,0,0,"35,020.00","35,020.00",0,0,0,0,1,"35,020.00",10.4342,0,"35,476.15",-456.15,10.3,"35,020.00",0,0,0,0,
2019/7/25,深Ａ,SZ00000302,方正证券股份有限公司,61,农 产 品,5200.00 ,0,0,"27,768.00",302,302,0,0,正常,总公司,自营,普通帐户,股票,,正常买卖,0,商务服务业,5.395,"28,056.48",-288.48,5.34,"1,696,964,131",0.0003,"1,695,415,483",0.0003,0,"5,200","27,664.00",0,0,0,"27,768.00","27,768.00",0,0,0,0,1,"27,768.00",5.3955,0,"28,056.48",-288.48,5.34,"27,664.00",0,0,0,0,
2019/7/25,深Ａ,SZ00000302,方正证券股份有限公司,153,丰原药业,5500.00 ,0,0,"33,550.00",302,302,0,0,正常,总公司,自营,普通帐户,股票,,正常买卖,0,医药制造业,6.121,"33,663.00",-113,6.1,"312,141,230",0.0018,"311,977,230",0.0018,0,"5,500","33,605.00",0,0,0,"33,550.00","33,550.00",0,0,0,0,1,"33,550.00",6.1205,0,"33,663.00",-113,6.1,"33,605.00",0,0,0,0,
2019/7/25,深Ａ,SZ00000302,方正证券股份有限公司,158,常山北明,2400.00 ,0,0,"12,672.00",302,302,0,0,正常,总公司,自营,普通帐户,股票,,正常买卖,"-3,020.74",软件和信息技术服务业,5.338,"12,811.03",-139.03,5.28,"1,652,874,961",0.0001,"1,624,230,580",0.0001,0,"2,400","12,696.00",0,0,0,"12,672.00","12,672.00",0,0,0,0,1,"12,672.00",5.3379,"-3,020.74","12,811.03",-139.033,5.28,"12,696.00",0,0,0,0,
2019/7/25,深Ａ,SZ00000302,方正证券股份有限公司,333,美的集团,1500.00 ,0,0,"80,175.00",302,302,0,0,正常,总公司,自营,普通帐户,股票,,正常买卖,-491.86,电气机械和器材制造业,53.67,"80,504.66",-329.66,53.45,"6,938,903,035",0,"6,786,385,810",0,0,"1,500","79,980.00",0,0,0,"80,175.00","80,175.00",0,0,0,0,1,"80,175.00",53.6698,-491.86,"80,504.66",-329.66,53.45,"79,980.00",0,0,0,0,B^C
2019/7/25,深Ａ,SZ00000302,方正证券股份有限公司,401,冀东水泥,5400.00 ,0,0,"92,124.00",302,302,0,0,正常,总公司,自营,普通帐户,股票,,正常买卖,"-3,296.12",非金属矿物制品业,17.262,"93,216.27","-1,092.27",17.06,"1,347,522,914",0.0004,"1,347,214,601",0.0004,0,"5,400","91,854.00",0,0,0,"92,124.00","92,124.00",0,0,0,0,1,"92,124.00",17.2623,"-3,296.12","93,216.27","-1,092.27",17.06,"91,854.00",0,0,0,0,
2019/7/25,深Ａ,SZ00000302,方正证券股份有限公司,402,金 融 街,18000.00 ,0,0,"139,320.00",302,302,0,0,正常,总公司,自营,普通帐户,股票,,正常买卖,0,房地产业,7.802,"140,440.60","-1,120.60",7.74,"2,988,929,907",0.0006,"2,987,631,546",0.0006,0,"18,000","138,960.00",0,0,0,"139,320.00","139,320.00",0,0,0,0,1,"139,320.00",7.8023,0,"140,440.60","-1,120.60",7.74,"138,960.00",0,0,0,0,B
2019/7/25,深Ａ,SZ00000302,方正证券股份有限公司,503,国新健康,2400.00 ,0,0,"38,832.00",302,302,0,0,正常,总公司,自营,普通帐户,股票,,正常买卖,0,互联网和相关服务,15.741,"37,779.36","1,052.64",16.18,"898,822,204",0.0003,"898,822,204",0.0003,0,"2,400","39,048.00",0,0,0,"38,832.00","38,832.00",0,0,0,0,1,"38,832.00",15.7414,0,"37,779.36","1,052.64",16.18,"39,048.00",0,0,0,0,
2019/7/25,深Ａ,SZ00000302,方正证券股份有限公司,547,航天发展,1200.00 ,0,0,"12,060.00",302,302,0,0,正常,总公司,自营,普通帐户,股票,,正常买卖,0,计算机、通信和其他电子设备制造业,10.126,"12,151.08",-91.08,10.05,"1,605,678,881",0.0001,"1,101,872,269",0.0001,0,"1,200","12,156.00",0,0,0,"12,060.00","12,060.00",0,0,0,0,1,"12,060.00",10.1259,0,"12,151.08",-91.08,10.05,"12,156.00",0,0,0,0,
2019/7/25,深Ａ,SZ00000302,方正证券股份有限公司,559,万向钱潮,11400.00 ,0,0,"66,804.00",302,302,0,0,正常,总公司,自营,普通帐户,股票,,正常买卖,"-1,454.69",汽车制造业,5.983,"68,206.64","-1,402.64",5.86,"2,753,159,454",0.0004,"2,753,149,374",0.0004,0,"11,400","66,234.00",0,0,0,"66,804.00","66,804.00",0,0,0,0,1,"66,804.00",5.983,"-1,454.69","68,206.64","-1,402.64",5.86,"66,234.00",0,0,0,0,
2019/7/25,深Ａ,SZ00000302,方正证券股份有限公司,568,泸州老窖,400.00 ,0,0,"32,724.00",302,302,0,0,正常,总公司,自营,普通帐户,股票,,正常买卖,-485.72,酒、饮料和精制茶制造业,81.127,"32,450.88",273.12,81.81,"1,464,752,476",0,"1,460,105,295",0,0,400,"32,776.00",0,0,0,"32,724.00","32,724.00",0,0,0,0,1,"32,724.00",81.1272,-485.72,"32,450.88",273.12,81.81,"32,776.00",0,0,0,0,B^C
2019/7/25,深Ａ,SZ00000302,方正证券股份有限公司,584,哈工智能,2400.00 ,0,0,"15,000.00",302,302,0,0,正常,总公司,自营,普通帐户,股票,,正常买卖,0,专用设备制造业,6.266,"15,038.33",-38.33,6.25,"613,324,339",0.0004,"598,315,925",0.0004,0,"2,400","15,072.00",0,0,0,"15,000.00","15,000.00",0,0,0,0,1,"15,000.00",6.266,0,"15,038.33",-38.33,6.25,"15,072.00",0,0,0,0,
2019/7/25,深Ａ,SZ00000302,方正证券股份有限公司,636,风华高科,1200.00 ,0,0,"12,828.00",302,302,0,0,正常,总公司,自营,普通帐户,股票,,正常买卖,0,计算机、通信和其他电子设备制造业,10.376,"12,451.08",376.92,10.69,"895,233,111",0.0001,"895,203,111",0.0001,0,"1,200","12,636.00",0,0,0,"12,828.00","12,828.00",0,0,0,0,1,"12,828.00",10.3759,0,"12,451.08",376.92,10.69,"12,636.00",0,0,0,0,
2019/7/25,深Ａ,SZ00000302,方正证券股份有限公司,661,长春高新,400.00 ,0,0,"131,672.00",302,302,0,0,正常,总公司,自营,普通帐户,股票,,正常买卖,0,医药制造业,326.044,"130,417.60","1,254.40",329.18,"170,112,265",0.0002,"170,022,095",0.0002,0,400,"132,400.00",0,0,0,"131,672.00","131,672.00",0,0,0,0,1,"131,672.00",326.044,0,"130,417.60","1,254.40",329.18,"132,400.00",0,0,0,0,B^C
2019/7/25,深Ａ,SZ00000302,方正证券股份有限公司,685,中山公用,4600.00 ,0,0,"38,594.00",302,302,0,0,正常,总公司,自营,普通帐户,股票,,正常买卖,0,水的生产和供应业,8.456,"38,896.47",-302.47,8.39,"1,475,111,351",0.0003,"1,253,229,908",0.0004,0,"4,600","38,502.00",0,0,0,"38,594.00","38,594.00",0,0,0,0,1,"38,594.00",8.4558,0,"38,896.47",-302.47,8.39,"38,502.00",0,0,0,0,
2019/7/25,深Ａ,SZ00000302,方正证券股份有限公司,686,东北证券,3800.00 ,0,0,"34,352.00",302,302,0,0,正常,总公司,自营,普通帐户,股票,,正常买卖,-382.425,资本市场服务,9.121,"34,659.07",-307.07,9.04,"2,340,452,915",0.0002,"2,340,452,915",0.0002,0,"3,800","34,276.00",0,0,0,"34,352.00","34,352.00",0,0,0,0,1,"34,352.00",9.1208,-382.425,"34,659.07",-307.065,9.04,"34,276.00",0,0,0,0,
2019/7/25,深Ａ,SZ00000302,方正证券股份有限公司,690,宝新能源,5000.00 ,0,0,"31,950.00",302,302,0,0,正常,总公司,自营,普通帐户,股票,,正常买卖,0,电力、热力生产和供应业,6.491,"32,452.86",-502.86,6.39,"2,175,887,862",0.0002,"2,084,122,681",0.0002,0,"5,000","32,000.00",0,0,0,"31,950.00","31,950.00",0,0,0,0,1,"31,950.00",6.4906,0,"32,452.86",-502.86,6.39,"32,000.00",0,0,0,0,
2019/7/25,深Ａ,SZ00000302,方正证券股份有限公司,697,炼石航空,1000.00 ,0,0,"10,780.00",302,302,0,0,正常,总公司,自营,普通帐户,股票,,正常买卖,0,铁路、船舶、航空航天和其他运输设备制造业,10.772,"10,771.94",8.06,10.78,"671,616,059",0.0001,"453,770,723",0.0002,0,"1,000","10,760.00",0,0,0,"10,780.00","10,780.00",0,0,0,0,1,"10,780.00",10.7719,0,"10,771.94",8.06,10.78,"10,760.00",0,0,0,0,
2019/7/25,深Ａ,SZ00000302,方正证券股份有限公司,701,厦门信达,4000.00 ,0,0,"24,120.00",302,302,0,0,正常,总公司,自营,普通帐户,股票,,正常买卖,0,批发业,6.021,"24,082.14",37.86,6.03,"406,613,056",0.001,"406,613,056",0.001,0,"4,000","24,000.00",0,0,0,"24,120.00","24,120.00",0,0,0,0,1,"24,120.00",6.0205,0,"24,082.14",37.86,6.03,"24,000.00",0,0,0,0,
2019/7/25,深Ａ,SZ00000302,方正证券股份有限公司,705,浙江震元,7100.00 ,0,0,"46,008.00",302,302,0,0,正常,总公司,自营,普通帐户,股票,,正常买卖,0,批发业,6.502,"46,161.06",-153.06,6.48,"334,123,286",0.0021,"281,983,639",0.0025,0,"7,100","45,866.00",0,0,0,"46,008.00","46,008.00",0,0,0,0,1,"46,008.00",6.5016,0,"46,161.06",-153.06,6.48,"45,866.00",0,0,0,0,
2019/7/25,深Ａ,SZ00000302,方正证券股份有限公司,723,美锦能源,1600.00 ,0,0,"15,296.00",302,302,0,0,正常,总公司,自营,普通帐户,股票,,正常买卖,69.98,石油加工、炼焦和核燃料加工业,9.496,"15,193.35",102.65,9.56,"4,091,369,052",0,"1,081,241,447",0.0001,0,"1,600","15,392.00",0,0,0,"15,296.00","15,296.00",0,0,0,0,1,"15,296.00",9.4958,69.98,"15,193.35",102.65,9.56,"15,392.00",0,0,0,0,
2019/7/25,深Ａ,SZ00000302,方正证券股份有限公司,732,泰禾集团,7200.00 ,0,0,"50,832.00",302,302,0,0,正常,总公司,自营,普通帐户,股票,,正常买卖,0,房地产业,7.066,"50,872.52",-40.52,7.06,"2,488,901,440",0.0003,"2,486,111,896",0.0003,0,"7,200","50,400.00",0,0,0,"50,832.00","50,832.00",0,0,0,0,1,"50,832.00",7.0656,0,"50,872.52",-40.52,7.06,"50,400.00",0,0,0,0,
2019/7/25,深Ａ,SZ00000302,方正证券股份有限公司,762,西藏矿业,5200.00 ,0,0,"38,792.00",302,302,0,0,正常,总公司,自营,普通帐户,股票,,正常买卖,0,黑色金属矿采选业,7.516,"39,081.51",-289.51,7.46,"520,819,240",0.001,"520,795,518",0.001,0,"5,200","38,740.00",0,0,0,"38,792.00","38,792.00",0,0,0,0,1,"38,792.00",7.5157,0,"39,081.51",-289.51,7.46,"38,740.00",0,0,0,0,
2019/7/25,深Ａ,SZ00000302,方正证券股份有限公司,822,山东海化,1900.00 ,0,0,"9,614.00",302,302,0,0,正常,总公司,自营,普通帐户,股票,,正常买卖,0,化学原料和化学制品制造业,5.09,"9,671.85",-57.85,5.06,"895,091,926",0.0002,"895,091,926",0.0002,0,"1,900","9,576.00",0,0,0,"9,614.00","9,614.00",0,0,0,0,1,"9,614.00",5.0904,0,"9,671.85",-57.85,5.06,"9,576.00",0,0,0,0,
2019/7/25,深Ａ,SZ00000302,方正证券股份有限公司,858,五 粮 液,1500.00 ,0,0,"182,520.00",302,302,0,0,正常,总公司,自营,普通帐户,股票,,正常买卖,"-4,400.92",酒、饮料和精制茶制造业,120.606,"180,908.54","1,611.47",121.68,"3,881,608,005",0,"3,795,770,918",0,0,"1,500","182,805.00",0,0,0,"182,520.00","182,520.00",0,0,0,0,1,"182,520.00",120.6057,"-4,400.92","180,908.54","1,611.47",121.68,"182,805.00",0,0,0,0,B^C
2019/7/25,深Ａ,SZ00000302,方正证券股份有限公司,936,华西股份,3000.00 ,0,0,"25,620.00",302,302,0,0,正常,总公司,自营,普通帐户,股票,,正常买卖,-300.45,化学纤维制造业,8.711,"26,132.31",-512.31,8.54,"886,012,887",0.0003,"885,337,139",0.0003,0,"3,000","25,200.00",0,0,0,"25,620.00","25,620.00",0,0,0,0,1,"25,620.00",8.7108,-300.45,"26,132.31",-512.31,8.54,"25,200.00",0,0,0,0,
2019/7/25,深Ａ,SZ00000302,方正证券股份有限公司,948,南天信息,2400.00 ,0,0,"25,560.00",302,302,0,0,正常,总公司,自营,普通帐户,股票,,正常买卖,0,软件和信息技术服务业,10.701,"25,682.29",-122.29,10.65,"320,587,859",0.0007,"320,451,823",0.0007,0,"2,400","25,200.00",0,0,0,"25,560.00","25,560.00",0,0,0,0,1,"25,560.00",10.701,0,"25,682.29",-122.29,10.65,"25,200.00",0,0,0,0,
2019/7/25,深Ａ,SZ00000302,方正证券股份有限公司,960,锡业股份,2000.00 ,0,0,"21,320.00",302,302,0,0,正常,总公司,自营,普通帐户,股票,,正常买卖,0,有色金属冶炼和压延加工业,10.686,"21,371.88",-51.88,10.66,"1,668,776,379",0.0001,"1,668,768,729",0.0001,0,"2,000","21,180.00",0,0,0,"21,320.00","21,320.00",0,0,0,0,1,"21,320.00",10.6859,0,"21,371.88",-51.88,10.66,"21,180.00",0,0,0,0,
2019/7/25,深Ａ,SZ00000302,方正证券股份有限公司,966,长源电力,3400.00 ,0,0,"17,306.00",302,302,0,0,正常,总公司,自营,普通帐户,股票,,正常买卖,0,电力、热力生产和供应业,5.165,"17,562.55",-256.55,5.09,"1,108,284,080",0.0003,"1,108,284,080",0.0003,0,"3,400","17,408.00",0,0,0,"17,306.00","17,306.00",0,0,0,0,1,"17,306.00",5.1655,0,"17,562.55",-256.55,5.09,"17,408.00",0,0,0,0,
2019/7/25,深Ａ,SZ00000302,方正证券股份有限公司,2013,中航机电,10200.00 ,0,0,"69,768.00",302,302,0,0,正常,总公司,自营,普通帐户,股票,,正常买卖,0,铁路、船舶、航空航天和其他运输设备制造业,6.851,"69,876.18",-108.18,6.84,"3,608,661,367",0.0003,"3,608,436,454",0.0003,0,"10,200","69,564.00",0,0,0,"69,768.00","69,768.00",0,0,0,0,1,"69,768.00",6.8506,0,"69,876.18",-108.18,6.84,"69,564.00",0,0,0,0,
2019/7/25,深Ａ,SZ00000302,方正证券股份有限公司,2057,中钢天源,1700.00 ,0,0,"17,255.00",302,302,0,0,正常,总公司,自营,普通帐户,股票,,正常买卖,-479.115,化学原料和化学制品制造业,10.301,"17,511.56",-256.55,10.15,"575,287,776",0.0003,"479,464,106",0.0004,0,"1,700","17,000.00",0,0,0,"17,255.00","17,255.00",0,0,0,0,1,"17,255.00",10.3009,-479.115,"17,511.56",-256.555,10.15,"17,000.00",0,0,0,0,
2019/7/25,深Ａ,SZ00000302,方正证券股份有限公司,2065,东华软件,6000.00 ,0,0,"40,740.00",302,302,0,0,正常,总公司,自营,普通帐户,股票,,正常买卖,282.275,软件和信息技术服务业,6.706,"40,233.58",506.43,6.79,"3,115,482,375",0.0002,"2,807,535,989",0.0002,0,"6,000","40,860.00",0,0,0,"40,740.00","40,740.00",0,0,0,0,1,"40,740.00",6.7056,282.275,"40,233.58",506.425,6.79,"40,860.00",0,0,0,0,B^C
2019/7/25,深Ａ,SZ00000302,方正证券股份有限公司,2091,江苏国泰,2400.00 ,0,0,"12,912.00",302,302,0,0,正常,总公司,自营,普通帐户,股票,,正常买卖,0,批发业,5.39,"12,937.15",-25.15,5.38,"1,563,536,598",0.0002,"972,402,326",0.0002,0,"2,400","12,936.00",0,0,0,"12,912.00","12,912.00",0,0,0,0,1,"12,912.00",5.3905,0,"12,937.15",-25.15,5.38,"12,936.00",0,0,0,0,
2019/7/25,深Ａ,SZ00000302,方正证券股份有限公司,2097,山河智能,11400.00 ,0,0,"68,970.00",302,302,0,0,正常,总公司,自营,普通帐户,股票,,正常买卖,-535.934,专用设备制造业,6.099,"69,523.36",-553.36,6.05,"1,088,108,465",0.001,"858,582,618",0.0013,0,"11,400","68,856.00",0,0,0,"68,970.00","68,970.00",0,0,0,0,1,"68,970.00",6.0985,-535.934,"69,523.36",-553.356,6.05,"68,856.00",0,0,0,0,
2019/7/25,深Ａ,SZ00000302,方正证券股份有限公司,2104,恒宝股份,2400.00 ,0,0,"16,248.00",302,302,0,0,正常,总公司,自营,普通帐户,股票,,正常买卖,0,计算机、通信和其他电子设备制造业,6.751,"16,201.43",46.57,6.77,"712,028,800",0.0003,"603,105,375",0.0004,0,"2,400","16,152.00",0,0,0,"16,248.00","16,248.00",0,0,0,0,1,"16,248.00",6.7506,0,"16,201.43",46.57,6.77,"16,152.00",0,0,0,0,
2019/7/25,深Ａ,SZ00000302,方正证券股份有限公司,2127,南极电商,1200.00 ,0,0,"12,624.00",302,302,0,0,正常,总公司,自营,普通帐户,股票,,正常买卖,0,商务服务业,10.441,"12,529.11",94.89,10.52,"2,454,870,403",0,"1,896,227,927",0.0001,0,"1,200","12,588.00",0,0,0,"12,624.00","12,624.00",0,0,0,0,1,"12,624.00",10.4409,0,"12,529.11",94.89,10.52,"12,588.00",0,0,0,0,
2019/7/25,深Ａ,SZ00000302,方正证券股份有限公司,2139,拓邦股份,2400.00 ,0,0,"13,968.00",302,302,0,0,正常,总公司,自营,普通帐户,股票,,正常买卖,367.66,电气机械和器材制造业,5.641,"13,537.20",430.8,5.82,"1,019,046,531",0.0002,"798,273,167",0.0003,0,"2,400","14,112.00",0,0,0,"13,968.00","13,968.00",0,0,0,0,1,"13,968.00",5.6405,367.66,"13,537.20",430.8,5.82,"14,112.00",0,0,0,0,
2019/7/25,深Ａ,SZ00000302,方正证券股份有限公司,2208,合肥城建,7800.00 ,0,0,"60,528.00",302,302,0,0,正常,总公司,自营,普通帐户,股票,,正常买卖,0,房地产业,7.824,"61,029.42",-501.42,7.76,"512,160,000",0.0015,"510,848,511",0.0015,0,"7,800","60,840.00",0,0,0,"60,528.00","60,528.00",0,0,0,0,1,"60,528.00",7.8243,0,"61,029.42",-501.42,7.76,"60,840.00",0,0,0,0,
2019/7/25,深Ａ,SZ00000302,方正证券股份有限公司,2234,民和股份,1500.00 ,0,0,"49,875.00",302,302,0,0,正常,总公司,自营,普通帐户,股票,,正常买卖,0,畜牧业,32.329,"48,493.30","1,381.70",33.25,"302,046,632",0.0005,"206,154,259",0.0007,0,"1,500","50,340.00",0,0,0,"49,875.00","49,875.00",0,0,0,0,1,"49,875.00",32.3289,0,"48,493.30","1,381.70",33.25,"50,340.00",0,0,0,0,
2019/7/25,深Ａ,SZ00000302,方正证券股份有限公司,2273,水晶光电,2100.00 ,0,0,"22,680.00",302,302,0,0,正常,总公司,自营,普通帐户,股票,,正常买卖,309.08,计算机、通信和其他电子设备制造业,10.741,"22,556.00",124,10.8,"1,121,677,828",0.0002,"1,079,057,682",0.0002,0,"2,100","22,722.00",0,0,0,"22,680.00","22,680.00",0,0,0,0,1,"22,680.00",10.741,309.08,"22,556.00",124,10.8,"22,722.00",0,0,0,0,
2019/7/25,深Ａ,SZ00000302,方正证券股份有限公司,2299,圣农发展,1600.00 ,0,0,"42,720.00",302,302,0,0,正常,总公司,自营,普通帐户,股票,,正常买卖,78.04,畜牧业,26.472,"42,355.71",364.29,26.7,"1,239,480,517",0.0001,"1,101,145,032",0.0001,0,"1,600","42,992.00",0,0,0,"42,720.00","42,720.00",0,0,0,0,1,"42,720.00",26.4723,78.04,"42,355.71",364.29,26.7,"42,992.00",0,0,0,0,
2019/7/25,深Ａ,SZ00000302,方正证券股份有限公司,2322,理工环科,1000.00 ,0,0,"12,480.00",302,302,0,0,正常,总公司,自营,普通帐户,股票,,正常买卖,0,软件和信息技术服务业,12.191,"12,191.08",288.92,12.48,"396,662,205",0.0003,"350,954,475",0.0003,0,"1,000","12,390.00",0,0,0,"12,480.00","12,480.00",0,0,0,0,1,"12,480.00",12.1911,0,"12,191.08",288.92,12.48,"12,390.00",0,0,0,0,
2019/7/25,深Ａ,SZ00000302,方正证券股份有限公司,2332,仙琚制药,900.00 ,0,0,"6,003.00",302,302,0,0,正常,总公司,自营,普通帐户,股票,,正常买卖,-34.065,医药制造业,6.731,"6,057.54",-54.54,6.67,"916,212,166",0.0001,"904,009,941",0.0001,0,900,"6,021.00",0,0,0,"6,003.00","6,003.00",0,0,0,0,1,"6,003.00",6.7306,-34.065,"6,057.54",-54.535,6.67,"6,021.00",0,0,0,0,
2019/7/25,深Ａ,SZ00000302,方正证券股份有限公司,2384,东山精密,900.00 ,0,0,"14,418.00",302,302,0,0,正常,总公司,自营,普通帐户,股票,,正常买卖,743.565,计算机、通信和其他电子设备制造业,15.216,"13,694.71",723.29,16.02,"1,606,572,477",0.0001,"1,222,666,662",0.0001,0,900,"14,805.00",0,0,0,"14,418.00","14,418.00",0,0,0,0,1,"14,418.00",15.2163,743.565,"13,694.71",723.295,16.02,"14,805.00",0,0,0,0,
2019/7/25,深Ａ,SZ00000302,方正证券股份有限公司,2405,四维图新,1200.00 ,0,0,"17,856.00",302,302,0,0,正常,总公司,自营,普通帐户,股票,,正常买卖,225,软件和信息技术服务业,14.666,"17,599.57",256.43,14.88,"1,962,465,690",0.0001,"1,575,550,208",0.0001,0,"1,200","18,000.00",0,0,0,"17,856.00","17,856.00",0,0,0,0,1,"17,856.00",14.6663,225,"17,599.57",256.43,14.88,"18,000.00",0,0,0,0,C
2019/7/25,深Ａ,SZ00000302,方正证券股份有限公司,2423,中原特钢,6600.00 ,0,0,"60,522.00",302,302,0,0,正常,总公司,自营,普通帐户,股票,,正常买卖,0,其他金融业,9.217,"60,830.40",-308.4,9.17,"2,304,105,575",0.0003,"502,983,677",0.0013,0,"6,600","60,192.00",0,0,0,"60,522.00","60,522.00",0,0,0,0,1,"60,522.00",9.2167,0,"60,830.40",-308.4,9.17,"60,192.00",0,0,0,0,
2019/7/25,深Ａ,SZ00000302,方正证券股份有限公司,2432,九安医疗,3200.00 ,0,0,"17,920.00",302,302,0,0,正常,总公司,自营,普通帐户,股票,,正常买卖,0,专用设备制造业,5.621,"17,985.60",-65.6,5.6,"432,805,921",0.0007,"432,805,921",0.0007,0,"3,200","17,760.00",0,0,0,"17,920.00","17,920.00",0,0,0,0,1,"17,920.00",5.6205,0,"17,985.60",-65.6,5.6,"17,760.00",0,0,0,0,
2019/7/25,深Ａ,SZ00000302,方正证券股份有限公司,2448,中原内配,3200.00 ,0,0,"17,248.00",302,302,0,0,正常,总公司,自营,普通帐户,股票,,正常买卖,0,汽车制造业,5.44,"17,409.55",-161.55,5.39,"607,615,305",0.0005,"467,525,249",0.0007,0,"3,200","17,120.00",0,0,0,"17,248.00","17,248.00",0,0,0,0,1,"17,248.00",5.4405,0,"17,409.55",-161.55,5.39,"17,120.00",0,0,0,0,
2019/7/25,深Ａ,SZ00000302,方正证券股份有限公司,2449,国星光电,1200.00 ,0,0,"14,940.00",302,302,0,0,正常,总公司,自营,普通帐户,股票,,正常买卖,-245.4,计算机、通信和其他电子设备制造业,12.491,"14,989.32",-49.32,12.45,"618,477,169",0.0002,"607,750,975",0.0002,0,"1,200","14,868.00",0,0,0,"14,940.00","14,940.00",0,0,0,0,1,"14,940.00",12.4911,-245.4,"14,989.32",-49.32,12.45,"14,868.00",0,0,0,0,
2019/7/25,深Ａ,SZ00000302,方正证券股份有限公司,2458,益生股份,2800.00 ,0,0,"73,416.00",302,302,0,0,正常,总公司,自营,普通帐户,股票,,正常买卖,"4,112.45",畜牧业,25.172,"70,482.26","2,933.74",26.22,"574,025,758",0.0005,"355,464,560",0.0008,0,"2,800","74,396.00",0,0,0,"73,416.00","73,416.00",0,0,0,0,1,"73,416.00",25.1722,"4,112.45","70,482.26","2,933.75",26.22,"74,396.00",0,0,0,0,
2019/7/25,深Ａ,SZ00000302,方正证券股份有限公司,2462,嘉事堂,1600.00 ,0,0,"24,032.00",302,302,0,0,正常,总公司,自营,普通帐户,股票,,正常买卖,0,批发业,14.941,"23,906.12",125.88,15.02,"250,526,315",0.0006,"249,182,370",0.0006,0,"1,600","23,968.00",0,0,0,"24,032.00","24,032.00",0,0,0,0,1,"24,032.00",14.9413,0,"23,906.12",125.88,15.02,"23,968.00",0,0,0,0,
2019/7/25,深Ａ,SZ00000302,方正证券股份有限公司,2463,沪电股份,600.00 ,0,0,"9,624.00",302,302,0,0,正常,总公司,自营,普通帐户,股票,,正常买卖,531.785,计算机、通信和其他电子设备制造业,15.056,"9,033.80",590.21,16.04,"1,725,120,663",0,"1,688,286,541",0,0,600,"9,510.00",0,0,0,"9,624.00","9,624.00",0,0,0,0,1,"9,624.00",15.0563,531.785,"9,033.80",590.205,16.04,"9,510.00",0,0,0,0,
2019/7/25,深Ａ,SZ00000302,方正证券股份有限公司,2478,常宝股份,2500.00 ,0,0,"16,325.00",302,302,0,0,正常,总公司,自营,普通帐户,股票,,正常买卖,56.176,金属制品业,6.391,"15,976.43",348.57,6.53,"959,992,879",0.0003,"596,984,755",0.0004,0,"2,500","16,400.00",0,0,0,"16,325.00","16,325.00",0,0,0,0,1,"16,325.00",6.3906,56.176,"15,976.43",348.574,6.53,"16,400.00",0,0,0,0,
2019/7/25,深Ａ,SZ00000302,方正证券股份有限公司,2512,达华智能,10800.00 ,0,0,"52,920.00",302,302,0,0,正常,总公司,自营,普通帐户,股票,,正常买卖,0,计算机、通信和其他电子设备制造业,4.975,"53,734.75",-814.75,4.9,"1,095,386,132",0.001,"837,087,337",0.0013,0,"10,800","52,164.00",0,0,0,"52,920.00","52,920.00",0,0,0,0,1,"52,920.00",4.9754,0,"53,734.75",-814.75,4.9,"52,164.00",0,0,0,0,
2019/7/25,深Ａ,SZ00000302,方正证券股份有限公司,2524,光正集团,1900.00 ,0,0,"9,519.00",302,302,0,0,正常,总公司,自营,普通帐户,股票,,正常买卖,-39.68,卫生,5.015,"9,529.34",-10.34,5.01,"515,729,591",0.0004,"482,764,290",0.0004,0,"1,900","9,481.00",0,0,0,"9,519.00","9,519.00",0,0,0,0,1,"9,519.00",5.0154,-39.68,"9,529.34",-10.34,5.01,"9,481.00",0,0,0,0,
2019/7/25,深Ａ,SZ00000302,方正证券股份有限公司,2527,新时达,3300.00 ,0,0,"16,434.00",302,302,0,0,正常,总公司,自营,普通帐户,股票,,正常买卖,-52.395,电气机械和器材制造业,5,"16,501.47",-67.47,4.98,"620,187,917",0.0005,"447,658,659",0.0007,0,"3,300","16,401.00",0,0,0,"16,434.00","16,434.00",0,0,0,0,1,"16,434.00",5.0004,-52.395,"16,501.47",-67.465,4.98,"16,401.00",0,0,0,0,
2019/7/25,深Ａ,SZ00000302,方正证券股份有限公司,2551,尚荣医疗,2600.00 ,0,0,"12,922.00",302,302,0,0,正常,总公司,自营,普通帐户,股票,,正常买卖,0,专用设备制造业,4.99,"12,975.15",-53.15,4.97,"705,917,914",0.0004,"446,531,740",0.0006,0,"2,600","12,948.00",0,0,0,"12,922.00","12,922.00",0,0,0,0,1,"12,922.00",4.9904,0,"12,975.15",-53.15,4.97,"12,948.00",0,0,0,0,
2019/7/25,深Ａ,SZ00000302,方正证券股份有限公司,2572,索菲亚,1000.00 ,0,0,"18,800.00",302,302,0,0,正常,总公司,自营,普通帐户,股票,,正常买卖,418.06,家具制造业,18.242,"18,241.61",558.39,18.8,"923,426,310",0.0001,"648,231,610",0.0002,0,"1,000","18,630.00",0,0,0,"18,800.00","18,800.00",0,0,0,0,1,"18,800.00",18.2416,418.06,"18,241.61",558.39,18.8,"18,630.00",0,0,0,0,
2019/7/25,深Ａ,SZ00000302,方正证券股份有限公司,2573,清新环境,2300.00 ,0,0,"16,721.00",302,302,0,0,正常,总公司,自营,普通帐户,股票,,正常买卖,-65.79,生态保护和环境治理业,7.321,"16,837.50",-116.5,7.27,"1,081,272,100",0.0002,"1,078,608,975",0.0002,0,"2,300","16,675.00",0,0,0,"16,721.00","16,721.00",0,0,0,0,1,"16,721.00",7.3207,-65.79,"16,837.50",-116.5,7.27,"16,675.00",0,0,0,0,
2019/7/25,深Ａ,SZ00000302,方正证券股份有限公司,2583,海能达,9600.00 ,0,0,"87,648.00",302,302,0,0,正常,总公司,自营,普通帐户,股票,,正常买卖,0,计算机、通信和其他电子设备制造业,8.751,"84,007.45","3,640.55",9.13,"1,837,220,491",0.0005,"1,047,614,133",0.0009,0,"9,600","91,008.00",0,0,0,"87,648.00","87,648.00",0,0,0,0,1,"87,648.00",8.7508,0,"84,007.45","3,640.55",9.13,"91,008.00",0,0,0,0,
2019/7/25,深Ａ,SZ00000302,方正证券股份有限公司,2594,比亚迪,300.00 ,0,0,"16,980.00",302,302,0,0,正常,总公司,自营,普通帐户,股票,,正常买卖,-0.86,汽车制造业,56.945,"17,083.51",-103.51,56.8,"1,813,142,855",0,"1,140,661,634",0,0,300,"16,890.00",0,0,0,"16,980.00","16,980.00",0,0,0,0,1,"16,980.00",56.945,-0.86,"17,083.51",-103.51,56.8,"16,890.00",0,0,0,0,B^C
2019/7/25,深Ａ,SZ00000302,方正证券股份有限公司,2627,宜昌交运,1630.00 ,0,0,"11,589.30",302,302,0,0,正常,总公司,自营,普通帐户,股票,,正常买卖,0,道路运输业,7.123,"11,610.52",-21.22,7.11,"314,714,579",0.0005,"277,320,514",0.0006,0,"1,630","11,605.60",0,0,0,"11,589.30","11,589.30",0,0,0,0,1,"11,589.30",7.123,0,"11,610.52",-21.22,7.11,"11,605.60",0,0,0,0,
2019/7/25,深Ａ,SZ00000302,方正证券股份有限公司,2648,卫星石化,4600.00 ,0,0,"63,296.00",302,302,0,0,正常,总公司,自营,普通帐户,股票,,正常买卖,-19.555,化学原料和化学制品制造业,13.841,"63,669.66",-373.65,13.76,"1,065,610,806",0.0004,"1,036,583,526",0.0004,0,"4,600","63,940.00",0,0,0,"63,296.00","63,296.00",0,0,0,0,1,"63,296.00",13.8412,-19.555,"63,669.66",-373.655,13.76,"63,940.00",0,0,0,0,
2019/7/25,深Ａ,SZ00000302,方正证券股份有限公司,2655,共达电声,900.00 ,0,0,"8,019.00",302,302,0,0,正常,总公司,自营,普通帐户,股票,,正常买卖,440.665,计算机、通信和其他电子设备制造业,8.341,"7,506.67",512.33,8.91,"360,000,000",0.0003,"359,926,275",0.0003,0,900,"7,974.00",0,0,0,"8,019.00","8,019.00",0,0,0,0,1,"8,019.00",8.3407,440.665,"7,506.67",512.335,8.91,"7,974.00",0,0,0,0,
2019/7/25,深Ａ,SZ00000302,方正证券股份有限公司,2670,国盛金控,2200.00 ,0,0,"24,552.00",302,302,0,0,正常,总公司,自营,普通帐户,股票,,正常买卖,-281.785,资本市场服务,11.216,"24,675.20",-123.2,11.16,"1,935,084,653",0.0001,"1,622,905,870",0.0001,0,"2,200","24,508.00",0,0,0,"24,552.00","24,552.00",0,0,0,0,1,"24,552.00",11.216,-281.785,"24,675.20",-123.195,11.16,"24,508.00",0,0,0,0,
2019/7/25,深Ａ,SZ00000302,方正证券股份有限公司,2707,众信旅游,9400.00 ,0,0,"53,674.00",302,302,0,0,正常,总公司,自营,普通帐户,股票,,正常买卖,10.863,商务服务业,5.751,"54,054.77",-380.77,5.71,"879,114,512",0.0011,"530,899,642",0.0018,0,"9,400","54,144.00",0,0,0,"53,674.00","53,674.00",0,0,0,0,1,"53,674.00",5.7505,10.863,"54,054.77",-380.773,5.71,"54,144.00",0,0,0,0,
2019/7/25,深Ａ,SZ00000302,方正证券股份有限公司,2746,仙坛股份,4000.00 ,0,0,"66,280.00",302,302,0,0,正常,总公司,自营,普通帐户,股票,,正常买卖,162.217,畜牧业,16.156,"64,625.73","1,654.27",16.57,"463,692,511",0.0009,"363,117,511",0.0011,0,"4,000","67,360.00",0,0,0,"66,280.00","66,280.00",0,0,0,0,1,"66,280.00",16.1564,162.217,"64,625.73","1,654.27",16.57,"67,360.00",0,0,0,0,
2019/7/25,深Ａ,SZ00000302,方正证券股份有限公司,2803,吉宏股份,800.00 ,0,0,"15,536.00",302,302,0,0,正常,总公司,自营,普通帐户,股票,,正常买卖,-238.29,印刷和记录媒介复制业,19.677,"15,741.40",-205.4,19.42,"222,593,699",0.0004,"118,941,395",0.0007,0,800,"15,512.00",0,0,0,"15,536.00","15,536.00",0,0,0,0,1,"15,536.00",19.6768,-238.29,"15,741.40",-205.4,19.42,"15,512.00",0,0,0,0,
2019/7/25,深Ａ,SZ00000302,方正证券股份有限公司,2812,恩捷股份,800.00 ,0,0,"26,176.00",302,302,0,0,正常,总公司,自营,普通帐户,股票,,正常买卖,705.39,橡胶和塑料制品业,31.643,"25,314.25",861.75,32.72,"805,575,450",0.0001,"218,477,370",0.0004,0,800,"26,496.00",0,0,0,"26,176.00","26,176.00",0,0,0,0,1,"26,176.00",31.6428,705.39,"25,314.25",861.75,32.72,"26,496.00",0,0,0,0,
2019/7/25,深Ａ,SZ00000302,方正证券股份有限公司,2851,麦格米特,3400.00 ,0,0,"70,856.00",302,302,0,0,正常,总公司,自营,普通帐户,股票,,正常买卖,0,电气机械和器材制造业,20.697,"70,369.23",486.77,20.84,"469,457,706",0.0007,"237,598,029",0.0014,0,"3,400","71,672.00",0,0,0,"70,856.00","70,856.00",0,0,0,0,1,"70,856.00",20.6968,0,"70,369.23",486.77,20.84,"71,672.00",0,0,0,0,
2019/7/25,深Ａ,SZ00000302,方正证券股份有限公司,2893,华通热力,1100.00 ,0,0,"15,708.00",302,302,0,0,正常,总公司,自营,普通帐户,股票,,正常买卖,119.105,电力、热力生产和供应业,14.096,"15,505.88",202.13,14.28,"159,874,000",0.0007,"83,642,462",0.0013,0,"1,100","15,543.00",0,0,0,"15,708.00","15,708.00",0,0,0,0,1,"15,708.00",14.0963,119.105,"15,505.88",202.125,14.28,"15,543.00",0,0,0,0,
2019/7/25,深Ａ,SZ00000302,方正证券股份有限公司,2916,深南电路,100.00 ,0,0,"11,439.00",302,302,0,0,正常,总公司,自营,普通帐户,股票,,正常买卖,788.175,计算机、通信和其他电子设备制造业,110,"10,999.98",439.03,114.39,"339,360,000",0,"98,720,884",0.0001,0,100,"11,402.00",0,0,0,"11,439.00","11,439.00",0,0,0,0,1,"11,439.00",109.9998,788.175,"10,999.98",439.025,114.39,"11,402.00",0,0,0,0,
2019/7/25,深Ａ,SZ00000302,方正证券股份有限公司,300006,莱美药业,3000.00 ,0,0,"13,230.00",302,302,0,0,正常,总公司,自营,普通帐户,创业板,,正常买卖,0,医药制造业,4.445,"13,336.17",-106.17,4.41,"812,241,205",0.0004,"671,349,659",0.0004,0,"3,000","13,170.00",0,0,0,"13,230.00","13,230.00",0,0,0,0,1,"13,230.00",4.4454,0,"13,336.17",-106.17,4.41,"13,170.00",0,0,0,0,
2019/7/25,深Ａ,SZ00000302,方正证券股份有限公司,300010,立思辰,1200.00 ,0,0,"11,016.00",302,302,0,0,正常,总公司,自营,普通帐户,创业板,,正常买卖,52.985,软件和信息技术服务业,9.166,"10,998.98",17.03,9.18,"868,324,647",0.0001,"719,028,977",0.0002,0,"1,200","11,160.00",0,0,0,"11,016.00","11,016.00",0,0,0,0,1,"11,016.00",9.1658,52.985,"10,998.98",17.025,9.18,"11,160.00",0,0,0,0,
2019/7/25,深Ａ,SZ00000302,方正证券股份有限公司,300030,阳普医疗,3700.00 ,0,0,"21,238.00",302,302,0,0,正常,总公司,自营,普通帐户,创业板,,正常买卖,0,专用设备制造业,5.757,"21,300.89",-62.89,5.74,"308,795,815",0.0012,"254,388,975",0.0015,0,"3,700","21,238.00",0,0,0,"21,238.00","21,238.00",0,0,0,0,1,"21,238.00",5.757,0,"21,300.89",-62.89,5.74,"21,238.00",0,0,0,0,
2019/7/25,深Ａ,SZ00000302,方正证券股份有限公司,300040,九洲电气,2600.00 ,0,0,"15,210.00",302,302,0,0,正常,总公司,自营,普通帐户,创业板,,正常买卖,0,电气机械和器材制造业,5.861,"15,237.34",-27.34,5.85,"343,032,004",0.0008,"238,683,242",0.0011,0,"2,600","15,210.00",0,0,0,"15,210.00","15,210.00",0,0,0,0,1,"15,210.00",5.8605,0,"15,237.34",-27.34,5.85,"15,210.00",0,0,0,0,
2019/7/25,深Ａ,SZ00000302,方正证券股份有限公司,300045,华力创通,2000.00 ,0,0,"17,920.00",302,302,0,0,正常,总公司,自营,普通帐户,创业板,,正常买卖,0,专用设备制造业,8.891,"17,781.58",138.42,8.96,"615,469,387",0.0003,"413,217,512",0.0005,0,"2,000","17,960.00",0,0,0,"17,920.00","17,920.00",0,0,0,0,1,"17,920.00",8.8908,0,"17,781.58",138.42,8.96,"17,960.00",0,0,0,0,
2019/7/25,深Ａ,SZ00000302,方正证券股份有限公司,300049,福瑞股份,2400.00 ,0,0,"19,488.00",302,302,0,0,正常,总公司,自营,普通帐户,创业板,,正常买卖,0,专用设备制造业,8.201,"19,681.76",-193.76,8.12,"263,053,100",0.0009,"228,024,122",0.0011,0,"2,400","19,464.00",0,0,0,"19,488.00","19,488.00",0,0,0,0,1,"19,488.00",8.2007,0,"19,681.76",-193.76,8.12,"19,464.00",0,0,0,0,
2019/7/25,深Ａ,SZ00000302,方正证券股份有限公司,300088,长信科技,3600.00 ,0,0,"20,376.00",302,302,0,0,正常,总公司,自营,普通帐户,创业板,,正常买卖,"-1,004.28",计算机、通信和其他电子设备制造业,5.52,"19,873.76",502.24,5.66,"2,298,879,814",0.0002,"2,256,673,811",0.0002,0,"3,600","20,376.00",0,0,0,"20,376.00","20,376.00",0,0,0,0,1,"20,376.00",5.5205,"-1,004.28","19,873.76",502.236,5.66,"20,376.00",0,0,0,0,
2019/7/25,深Ａ,SZ00000302,方正证券股份有限公司,300098,高新兴,900.00 ,0,0,"6,552.00",302,302,0,0,正常,总公司,自营,普通帐户,创业板,,正常买卖,55.375,软件和信息技术服务业,7.141,"6,426.56",125.44,7.28,"1,763,862,482",0.0001,"1,319,898,492",0.0001,0,900,"6,561.00",0,0,0,"6,552.00","6,552.00",0,0,0,0,1,"6,552.00",7.1406,55.375,"6,426.56",125.445,7.28,"6,561.00",0,0,0,0,
2019/7/25,深Ａ,SZ00000302,方正证券股份有限公司,300120,经纬辉开,6130.00 ,0,0,"39,048.10",302,302,0,0,正常,总公司,自营,普通帐户,创业板,,正常买卖,0,计算机、通信和其他电子设备制造业,6.223,"38,148.53",899.57,6.37,"392,201,596",0.0016,"234,293,811",0.0026,0,"6,130","39,048.10",0,0,0,"39,048.10","39,048.10",0,0,0,0,1,"39,048.10",6.2233,0,"38,148.53",899.57,6.37,"39,048.10",0,0,0,0,
2019/7/25,深Ａ,SZ00000302,方正证券股份有限公司,300130,新国都,3400.00 ,0,0,"54,536.00",302,302,0,0,正常,总公司,自营,普通帐户,创业板,,正常买卖,0,专用设备制造业,15.931,"54,166.80",369.2,16.04,"477,897,755",0.0007,"341,353,917",0.001,0,"3,400","54,298.00",0,0,0,"54,536.00","54,536.00",0,0,0,0,1,"54,536.00",15.9314,0,"54,166.80",369.2,16.04,"54,298.00",0,0,0,0,
2019/7/25,深Ａ,SZ00000302,方正证券股份有限公司,300147,香雪制药,1000.00 ,0,0,"6,470.00",302,302,0,0,正常,总公司,自营,普通帐户,创业板,,正常买卖,0,医药制造业,6.431,"6,430.57",39.43,6.47,"661,476,335",0.0002,"660,176,493",0.0002,0,"1,000","6,480.00",0,0,0,"6,470.00","6,470.00",0,0,0,0,1,"6,470.00",6.4306,0,"6,430.57",39.43,6.47,"6,480.00",0,0,0,0,
2019/7/25,深Ａ,SZ00000302,方正证券股份有限公司,300166,东方国信,2700.00 ,0,0,"32,049.00",302,302,0,0,正常,总公司,自营,普通帐户,创业板,,正常买卖,272.76,软件和信息技术服务业,11.766,"31,768.32",280.68,11.87,"1,056,680,094",0.0003,"815,969,770",0.0003,0,"2,700","31,941.00",0,0,0,"32,049.00","32,049.00",0,0,0,0,1,"32,049.00",11.766,272.76,"31,768.32",280.68,11.87,"31,941.00",0,0,0,0,
2019/7/25,深Ａ,SZ00000302,方正证券股份有限公司,300207,欣旺达,2200.00 ,0,0,"26,576.00",302,302,0,0,正常,总公司,自营,普通帐户,创业板,,正常买卖,540.875,电气机械和器材制造业,11.781,"25,918.30",657.71,12.08,"1,547,748,200",0.0001,"1,382,617,875",0.0002,0,"2,200","26,708.00",0,0,0,"26,576.00","26,576.00",0,0,0,0,1,"26,576.00",11.781,540.875,"25,918.30",657.705,12.08,"26,708.00",0,0,0,0,
2019/7/25,深Ａ,SZ00000302,方正证券股份有限公司,300231,银信科技,5600.00 ,0,0,"39,648.00",302,302,0,0,正常,总公司,自营,普通帐户,创业板,,正常买卖,0,软件和信息技术服务业,7.076,"39,623.54",24.46,7.08,"442,100,220",0.0013,"356,712,841",0.0016,0,"5,600","39,648.00",0,0,0,"39,648.00","39,648.00",0,0,0,0,1,"39,648.00",7.0756,0,"39,623.54",24.46,7.08,"39,648.00",0,0,0,0,
2019/7/25,深Ａ,SZ00000302,方正证券股份有限公司,300253,卫宁健康,1500.00 ,0,0,"20,280.00",302,302,0,0,正常,总公司,自营,普通帐户,创业板,,正常买卖,-256.44,软件和信息技术服务业,13.696,"20,544.32",-264.32,13.52,"1,624,491,733",0.0001,"1,316,372,425",0.0001,0,"1,500","20,430.00",0,0,0,"20,280.00","20,280.00",0,0,0,0,1,"20,280.00",13.6962,-256.44,"20,544.32",-264.32,13.52,"20,430.00",0,0,0,0,
2019/7/25,深Ａ,SZ00000302,方正证券股份有限公司,300257,开山股份,1600.00 ,0,0,"16,704.00",302,302,0,0,正常,总公司,自营,普通帐户,创业板,,正常买卖,-75.74,通用设备制造业,10.516,"16,825.48",-121.48,10.44,"858,000,000",0.0002,"817,730,633",0.0002,0,"1,600","16,720.00",0,0,0,"16,704.00","16,704.00",0,0,0,0,1,"16,704.00",10.5159,-75.74,"16,825.48",-121.48,10.44,"16,720.00",0,0,0,0,
2019/7/25,深Ａ,SZ00000302,方正证券股份有限公司,300270,中威电子,7200.00 ,0,0,"48,960.00",302,302,0,0,正常,总公司,自营,普通帐户,创业板,,正常买卖,0,计算机、通信和其他电子设备制造业,6.766,"48,712.32",247.68,6.8,"302,806,028",0.0024,"184,468,926",0.0039,0,"7,200","49,032.00",0,0,0,"48,960.00","48,960.00",0,0,0,0,1,"48,960.00",6.7656,0,"48,712.32",247.68,6.8,"49,032.00",0,0,0,0,
2019/7/25,深Ａ,SZ00000302,方正证券股份有限公司,300271,华宇软件,1400.00 ,0,0,"27,650.00",302,302,0,0,正常,总公司,自营,普通帐户,创业板,,正常买卖,0,软件和信息技术服务业,19.567,"27,393.44",256.56,19.75,"810,429,953",0.0002,"572,644,146",0.0002,0,"1,400","27,244.00",0,0,0,"27,650.00","27,650.00",0,0,0,0,1,"27,650.00",19.5667,0,"27,393.44",256.56,19.75,"27,244.00",0,0,0,0,
2019/7/25,深Ａ,SZ00000302,方正证券股份有限公司,300296,利亚德,12600.00 ,0,0,"88,704.00",302,302,0,0,正常,总公司,自营,普通帐户,创业板,,正常买卖,0,计算机、通信和其他电子设备制造业,7.021,"88,459.84",244.16,7.04,"2,542,876,576",0.0005,"1,860,226,351",0.0007,0,"12,600","88,452.00",0,0,0,"88,704.00","88,704.00",0,0,0,0,1,"88,704.00",7.0206,0,"88,459.84",244.16,7.04,"88,452.00",0,0,0,0,B
2019/7/25,深Ａ,SZ00000302,方正证券股份有限公司,300324,旋极信息,2400.00 ,0,0,"13,008.00",302,302,0,0,正常,总公司,自营,普通帐户,创业板,,正常买卖,0,软件和信息技术服务业,5.2,"12,481.10",526.9,5.42,"1,710,802,595",0.0001,"1,061,779,179",0.0002,0,"2,400","12,816.00",0,0,0,"13,008.00","13,008.00",0,0,0,0,1,"13,008.00",5.2005,0,"12,481.10",526.9,5.42,"12,816.00",0,0,0,0,
2019/7/25,深Ａ,SZ00000302,方正证券股份有限公司,300348,长亮科技,800.00 ,0,0,"10,760.00",302,302,0,0,正常,总公司,自营,普通帐户,创业板,,正常买卖,0,软件和信息技术服务业,13.461,"10,768.96",-8.96,13.45,"482,239,119",0.0002,"343,620,462",0.0002,0,800,"10,896.00",0,0,0,"10,760.00","10,760.00",0,0,0,0,1,"10,760.00",13.4612,0,"10,768.96",-8.96,13.45,"10,896.00",0,0,0,0,
2019/7/25,深Ａ,SZ00000302,方正证券股份有限公司,300383,光环新网,1500.00 ,0,0,"28,635.00",302,302,0,0,正常,总公司,自营,普通帐户,创业板,,正常买卖,626.535,软件和信息技术服务业,18.542,"27,812.47",822.54,19.09,"1,541,195,921",0.0001,"1,425,014,552",0.0001,0,"1,500","28,770.00",0,0,0,"28,635.00","28,635.00",0,0,0,0,1,"28,635.00",18.5416,626.535,"27,812.47",822.535,19.09,"28,770.00",0,0,0,0,
2019/7/25,深Ａ,SZ00000302,方正证券股份有限公司,300397,天和防务,1700.00 ,0,0,"33,745.00",302,302,0,0,正常,总公司,自营,普通帐户,创业板,,正常买卖,"-12,403.28",计算机、通信和其他电子设备制造业,19.599,"33,317.52",427.48,19.85,"240,000,000",0.0007,"154,430,700",0.0011,0,"1,700","33,473.00",0,0,0,"33,745.00","33,745.00",0,0,0,0,1,"33,745.00",19.5985,"-12,403.28","33,317.52",427.483,19.85,"33,473.00",0,0,0,0,
2019/7/25,深Ａ,SZ00000302,方正证券股份有限公司,300413,芒果超媒,2400.00 ,0,0,"91,200.00",302,302,0,0,正常,总公司,自营,普通帐户,创业板,,正常买卖,0,文化艺术业,38.273,"91,856.18",-656.18,38,"1,047,280,889",0.0002,"475,709,422",0.0005,0,"2,400","90,360.00",0,0,0,"91,200.00","91,200.00",0,0,0,0,1,"91,200.00",38.2734,0,"91,856.18",-656.18,38,"90,360.00",0,0,0,0,B^C
2019/7/25,深Ａ,SZ00000302,方正证券股份有限公司,300418,昆仑万维,2700.00 ,0,0,"34,965.00",302,302,0,0,正常,总公司,自营,普通帐户,创业板,,正常买卖,-122.31,互联网和相关服务,13.011,"35,130.11",-165.11,12.95,"1,151,946,216",0.0002,"625,304,793",0.0004,0,"2,700","34,911.00",0,0,0,"34,965.00","34,965.00",0,0,0,0,1,"34,965.00",13.0112,-122.31,"35,130.11",-165.11,12.95,"34,911.00",0,0,0,0,
2019/7/25,深Ａ,SZ00000302,方正证券股份有限公司,300461,田中精机,1300.00 ,0,0,"27,573.00",302,302,0,0,正常,总公司,自营,普通帐户,创业板,,正常买卖,0,专用设备制造业,21.052,"27,367.43",205.57,21.21,"124,595,028",0.001,"62,477,472",0.0021,0,"1,300","27,170.00",0,0,0,"27,573.00","27,573.00",0,0,0,0,1,"27,573.00",21.0519,0,"27,367.43",205.57,21.21,"27,170.00",0,0,0,0,
2019/7/25,深Ａ,SZ00000302,方正证券股份有限公司,300502,新易盛,200.00 ,0,0,"5,506.00",302,302,0,0,正常,总公司,自营,普通帐户,创业板,,正常买卖,47.515,计算机、通信和其他电子设备制造业,27.272,"5,454.49",51.52,27.53,"238,272,500",0.0001,"157,997,443",0.0001,0,200,"5,524.00",0,0,0,"5,506.00","5,506.00",0,0,0,0,1,"5,506.00",27.2724,47.515,"5,454.49",51.515,27.53,"5,524.00",0,0,0,0,
2019/7/25,深Ａ,SZ00000302,方正证券股份有限公司,300567,精测电子,1000.00 ,0,0,"50,490.00",302,302,0,0,正常,总公司,自营,普通帐户,创业板,,正常买卖,0,仪器仪表制造业,51.67,"51,669.57","-1,179.57",50.49,"245,421,000",0.0004,"126,350,297",0.0008,0,"1,000","49,720.00",0,0,0,"50,490.00","50,490.00",0,0,0,0,1,"50,490.00",51.6696,0,"51,669.57","-1,179.57",50.49,"49,720.00",0,0,0,0,
2019/7/25,深Ａ,SZ00000302,方正证券股份有限公司,300575,中旗股份,3800.00 ,0,0,"102,030.00",302,302,0,0,正常,总公司,自营,普通帐户,创业板,,正常买卖,0,化学原料和化学制品制造业,25.227,"95,863.51","6,166.49",26.85,"132,030,000",0.0029,"64,695,579",0.0059,0,"3,800","103,170.00",0,0,0,"102,030.00","102,030.00",0,0,0,0,1,"102,030.00",25.2272,0,"95,863.51","6,166.49",26.85,"103,170.00",0,0,0,0,
2019/7/25,深Ａ,SZ00000302,方正证券股份有限公司,300616,尚品宅配,300.00 ,0,0,"23,772.00",302,302,0,0,正常,总公司,自营,普通帐户,创业板,,正常买卖,266.21,家具制造业,77.727,"23,318.09",453.91,79.24,"198,678,600",0.0002,"68,180,569",0.0004,0,300,"23,430.00",0,0,0,"23,772.00","23,772.00",0,0,0,0,1,"23,772.00",77.727,266.21,"23,318.09",453.91,79.24,"23,430.00",0,0,0,0,
2019/7/25,深Ａ,SZ00000302,方正证券股份有限公司,300628,亿联网络,300.00 ,0,0,"17,400.00",302,302,0,0,正常,总公司,自营,普通帐户,创业板,,正常买卖,584.145,计算机、通信和其他电子设备制造业,55.77,"16,730.99",669.02,58,"599,072,000",0.0001,"149,360,000",0.0002,0,300,"17,139.00",0,0,0,"17,400.00","17,400.00",0,0,0,0,1,"17,400.00",55.77,584.145,"16,730.99",669.015,58,"17,139.00",0,0,0,0,
2019/7/25,深Ａ,SZ00000302,方正证券股份有限公司,300630,普利制药,1500.00 ,0,0,"66,930.00",302,302,0,0,正常,总公司,自营,普通帐户,创业板,,正常买卖,-521.415,医药制造业,45.794,"68,691.08","-1,761.08",44.62,"274,764,645",0.0005,"148,464,743",0.001,0,"1,500","67,590.00",0,0,0,"66,930.00","66,930.00",0,0,0,0,1,"66,930.00",45.7941,-521.415,"68,691.08","-1,761.08",44.62,"67,590.00",0,0,0,0,
2019/7/25,深Ａ,SZ00000302,方正证券股份有限公司,300657,弘信电子,7200.00 ,0,0,"188,712.00",302,302,0,0,正常,总公司,自营,普通帐户,创业板,,正常买卖,0,计算机、通信和其他电子设备制造业,26.135,"188,170.68",541.32,26.21,"176,800,000",0.0041,"111,630,657",0.0064,0,"7,200","181,584.00",0,0,0,"188,712.00","188,712.00",0,0,0,0,1,"188,712.00",26.1348,0,"188,170.68",541.32,26.21,"181,584.00",0,0,0,0,
2019/7/25,深Ａ,SZ00000302,方正证券股份有限公司,300702,天宇股份,1800.00 ,0,0,"61,020.00",302,302,0,0,正常,总公司,自营,普通帐户,创业板,,正常买卖,0,医药制造业,34.222,"61,600.47",-580.47,33.9,"182,239,224",0.001,"53,057,127",0.0034,0,"1,800","61,092.00",0,0,0,"61,020.00","61,020.00",0,0,0,0,1,"61,020.00",34.2225,0,"61,600.47",-580.47,33.9,"61,092.00",0,0,0,0,
2019/7/25,深Ａ,SZ00000302,方正证券股份有限公司,300751,迈为股份,200.00 ,0,0,"24,598.00",302,302,0,0,正常,总公司,自营,普通帐户,创业板,,正常买卖,0,专用设备制造业,116.43,"23,286.06","1,311.94",122.99,"52,000,000",0.0004,"13,000,000",0.0015,0,200,"24,630.00",0,0,0,"24,598.00","24,598.00",0,0,0,0,1,"24,598.00",116.4303,0,"23,286.06","1,311.94",122.99,"24,630.00",0,0,0,0,
2019/7/25,深Ａ,SZ00000302,方正证券股份有限公司,300766,每日互动,1300.00 ,0,0,"53,924.00",302,302,0,0,正常,总公司,自营,普通帐户,创业板,,正常买卖,-460.005,互联网和相关服务,41.779,"54,312.32",-388.32,41.48,"400,100,000",0.0003,"40,100,000",0.0032,0,"1,300","54,613.00",0,0,0,"53,924.00","53,924.00",0,0,0,0,1,"53,924.00",41.7787,-460.005,"54,312.32",-388.315,41.48,"54,613.00",0,0,0,0,
