,code,stock_name,direction,price,quantity,fee,S_INFO_WINDCODE,TRADE_DT,S_DQ_CLOSE,PNL
0,002572.SZ,索菲亚,-1,18.72,1000,20.37,002572.SZ,20190726,18.8,-100.37000000000185
1,002670.SZ,国盛金控,-1,11.06,2200,26.49,002670.SZ,20190726,11.09,-92.48999999999859
2,300271.SZ,华宇软件,-1,19.3,840,17.64,300271.SZ,20190726,19.650000000000002,-311.6400000000012
3,300413.SZ,芒果超媒,-1,37.85,700,28.85,300413.SZ,20190726,37.76,34.150000000002386
4,603727.SH,博迈科,-1,21.12,3000,68.99,603727.SH,20190726,21.12,-68.99
5,000402.SZ,金 融 街,-1,7.73,1200,10.11,000402.SZ,20190726,7.7700000000000005,-58.11000000000004
6,002273.SZ,水晶光电,-1,10.68,700,8.14,002273.SZ,20190726,10.97,-211.14000000000067
7,300657.SZ,弘信电子,-1,25.06,6300,171.89,300657.SZ,20190726,25.5,-2943.890000000008
8,002234.SZ,民和股份,-1,33.16,300,10.83,002234.SZ,20190726,33.55,-127.83000000000017
9,000333.SZ,美的集团,-1,53.29,400,23.22,000333.SZ,20190726,53.43,-79.22000000000023
10,000333.SZ,美的集团,-1,53.29,1100,63.81,000333.SZ,20190726,53.43,-217.81000000000063
11,300271.SZ,华宇软件,-1,19.3,100,2.1,300271.SZ,20190726,19.650000000000002,-37.10000000000014
12,601166.SH,兴业银行,-1,19.21,700,14.64,601166.SH,20190726,19.22,-21.639999999998608
13,002384.SZ,东山精密,-1,15.88,500,8.65,002384.SZ,20190726,16.13,-133.64999999999912
14,300271.SZ,华宇软件,-1,19.3,460,9.67,300271.SZ,20190726,19.650000000000002,-170.67000000000064
15,600332.SH,白云山,-1,38.19,1000,41.57,600332.SH,20190726,38.42,-271.570000000004
16,000402.SZ,金 融 街,-1,7.73,100,0.85,000402.SZ,20190726,7.7700000000000005,-4.850000000000003
17,000858.SZ,五 粮 液,-1,121.46,1500,198.34,000858.SZ,20190726,121.25,116.65999999999062
18,300657.SZ,弘信电子,-1,25.06,300,8.19,300657.SZ,20190726,25.5,-140.1900000000004
19,002104.SZ,恒宝股份,-1,6.67,2300,16.71,002104.SZ,20190726,6.7,-85.71000000000058
20,002594.SZ,比亚迪,-1,57.42,300,18.75,002594.SZ,20190726,57.42,-18.75
21,300348.SZ,长亮科技,-1,13.63,800,11.87,300348.SZ,20190726,13.74,-99.86999999999955
22,000723.SZ,美锦能源,-1,9.57,1600,16.68,000723.SZ,20190726,9.49,111.3200000000001
23,600332.SH,白云山,-1,38.19,600,24.95,600332.SH,20190726,38.42,-162.95000000000238
24,000547.SZ,航天发展,-1,10.06,500,5.47,000547.SZ,20190726,10.13,-40.47000000000014
25,300567.SZ,精测电子,-1,48.07,1000,52.33,300567.SZ,20190726,49.78,-1762.3300000000008
26,002851.SZ,麦格米特,-1,20.88,300,6.83,002851.SZ,20190726,21.09,-69.83000000000025
27,002463.SZ,沪电股份,-1,15.99,600,10.44,002463.SZ,20190726,15.99,-10.44
28,002812.SZ,恩捷股份,-1,32.67,300,10.68,002812.SZ,20190726,33.29,-196.67999999999924
29,000547.SZ,航天发展,-1,10.06,300,3.29,000547.SZ,20190726,10.13,-24.290000000000084
30,600864.SH,哈投股份,-1,6.56,1000,7.14,600864.SH,20190726,6.5600000000000005,-7.140000000000888
31,002273.SZ,水晶光电,-1,10.68,200,2.32,002273.SZ,20190726,10.97,-60.320000000000185
32,002273.SZ,水晶光电,-1,10.68,1000,11.62,002273.SZ,20190726,10.97,-301.6200000000009
33,000547.SZ,航天发展,-1,10.06,400,4.38,000547.SZ,20190726,10.13,-32.380000000000116
34,002384.SZ,东山精密,-1,15.88,200,3.45,002384.SZ,20190726,16.13,-53.44999999999965
35,002104.SZ,恒宝股份,-1,6.67,100,0.72,002104.SZ,20190726,6.7,-3.7200000000000246
36,002273.SZ,水晶光电,-1,10.68,100,1.16,002273.SZ,20190726,10.97,-30.160000000000093
37,300628.SZ,亿联网络,-1,56.98,300,18.6,300628.SZ,20190726,56.910000000000004,2.399999999997952
38,002812.SZ,恩捷股份,-1,32.67,500,17.8,002812.SZ,20190726,33.29,-327.79999999999876
39,300657.SZ,弘信电子,-1,25.06,600,16.37,300657.SZ,20190726,25.5,-280.3700000000008
40,000690.SZ,宝新能源,-1,6.33,5000,34.45,000690.SZ,20190726,6.3500000000000005,-134.45000000000232
41,000636.SZ,风华高科,-1,10.48,309,3.52,000636.SZ,20190726,10.57,-31.329999999999956
42,002893.SZ,华通热力,-1,13.97,100,1.53,002893.SZ,20190726,14.0,-4.529999999999936
43,002273.SZ,水晶光电,-1,10.68,100,1.16,002273.SZ,20190726,10.97,-30.160000000000093
44,002384.SZ,东山精密,-1,15.88,100,1.73,002384.SZ,20190726,16.13,-26.729999999999823
45,603160.SH,汇顶科技,-1,156.82,200,34.15,603160.SH,20190726,162.5,-1170.1500000000015
46,511880.SH,银华日利,0,101.596,0,0.0,,,101.6,0.0
47,600064.SH,南京高科,0,9.74,0,0.0,600064.SH,20190726,9.77,0.0
48,600026.SH,中远海能,0,6.38,0,0.0,600026.SH,20190726,6.44,0.0
49,600053.SH,九鼎投资,0,22.89,0,0.0,600053.SH,20190726,23.01,0.0
50,600191.SH,华资实业,0,5.72,0,0.0,600191.SH,20190726,5.68,-0.0
51,600094.SH,大名城,0,7.52,0,0.0,600094.SH,20190726,7.49,-0.0
52,600306.SH,商业城,0,6.64,0,0.0,600306.SH,20190726,6.57,-0.0
53,600636.SH,三爱富,0,10.5,0,0.0,600636.SH,20190726,10.51,0.0
54,600673.SH,东阳光,0,7.95,0,0.0,600673.SH,20190726,7.97,0.0
55,000039.SZ,中集集团,0,0.0,0,0.0,000039.SZ,20190726,10.32,0.0
56,000153.SZ,丰原药业,0,0.0,0,0.0,000153.SZ,20190726,6.13,0.0
57,000158.SZ,常山北明,0,0.0,0,0.0,000158.SZ,20190726,5.33,0.0
58,000503.SZ,国新健康,0,0.0,0,0.0,000503.SZ,20190726,16.86,0.0
59,000402.SZ,金 融 街,0,0.0,0,0.0,000402.SZ,20190726,7.7700000000000005,0.0
60,600416.SH,湘电股份,0,5.66,0,0.0,600416.SH,20190726,5.67,0.0
61,600340.SH,华夏幸福,0,30.96,0,0.0,600340.SH,20190726,31.0,0.0
62,600645.SH,中源协和,0,16.06,0,0.0,600645.SH,20190726,16.11,0.0
63,601318.SH,中国平安,0,89.67,0,0.0,601318.SH,20190726,90.10000000000001,0.0
64,601669.SH,中国电建,0,5.01,0,0.0,601669.SH,20190726,5.0200000000000005,0.0
65,600685.SH,中船防务,0,16.17,0,0.0,600685.SH,20190726,16.25,0.0
66,601377.SH,兴业证券,0,6.53,0,0.0,601377.SH,20190726,6.55,0.0
67,601628.SH,中国人寿,0,30.17,0,0.0,601628.SH,20190726,30.3,0.0
68,603189.SH,网达软件,0,17.77,0,0.0,603189.SH,20190726,17.87,0.0
69,000559.SZ,万向钱潮,0,0.0,0,0.0,000559.SZ,20190726,5.8500000000000005,0.0
70,000568.SZ,泸州老窖,0,0.0,0,0.0,000568.SZ,20190726,82.21000000000001,0.0
71,000636.SZ,风华高科,0,0.0,0,0.0,000636.SZ,20190726,10.57,0.0
72,000697.SZ,炼石航空,0,0.0,0,0.0,000697.SZ,20190726,10.86,0.0
73,000686.SZ,东北证券,0,0.0,0,0.0,000686.SZ,20190726,9.0,0.0
74,000705.SZ,浙江震元,0,0.0,0,0.0,000705.SZ,20190726,6.43,0.0
75,000732.SZ,泰禾集团,0,0.0,0,0.0,000732.SZ,20190726,7.0,0.0
76,000762.SZ,西藏矿业,0,0.0,0,0.0,000762.SZ,20190726,7.46,0.0
77,000822.SZ,山东海化,0,0.0,0,0.0,000822.SZ,20190726,5.08,0.0
78,000948.SZ,南天信息,0,0.0,0,0.0,000948.SZ,20190726,10.43,0.0
79,002057.SZ,中钢天源,0,0.0,0,0.0,002057.SZ,20190726,9.91,0.0
80,000966.SZ,长源电力,0,0.0,0,0.0,000966.SZ,20190726,5.11,0.0
81,002065.SZ,东华软件,0,0.0,0,0.0,002065.SZ,20190726,6.8100000000000005,0.0
82,002091.SZ,江苏国泰,0,0.0,0,0.0,002091.SZ,20190726,5.38,0.0
83,002097.SZ,山河智能,0,0.0,0,0.0,002097.SZ,20190726,6.08,0.0
84,002139.SZ,拓邦股份,0,0.0,0,0.0,002139.SZ,20190726,5.89,0.0
85,002332.SZ,仙琚制药,0,0.0,0,0.0,002332.SZ,20190726,6.65,0.0
86,002384.SZ,东山精密,0,0.0,0,0.0,002384.SZ,20190726,16.13,0.0
87,002423.SZ,中原特钢,0,0.0,0,0.0,002423.SZ,20190726,9.25,0.0
88,002462.SZ,嘉事堂,0,0.0,0,0.0,002462.SZ,20190726,15.120000000000001,0.0
89,002478.SZ,常宝股份,0,0.0,0,0.0,002478.SZ,20190726,6.48,0.0
90,002524.SZ,光正集团,0,0.0,0,0.0,002524.SZ,20190726,4.99,0.0
91,002648.SZ,卫星石化,0,0.0,0,0.0,002648.SZ,20190726,13.950000000000001,0.0
92,002655.SZ,共达电声,0,0.0,0,0.0,002655.SZ,20190726,8.75,0.0
93,603026.SH,石大胜华,0,30.55,0,0.0,603026.SH,20190726,30.55,0.0
94,600787.SH,中储股份,0,5.63,0,0.0,600787.SH,20190726,5.65,0.0
95,601801.SH,皖新传媒,0,5.81,0,0.0,601801.SH,20190726,5.83,0.0
96,002707.SZ,众信旅游,0,0.0,0,0.0,002707.SZ,20190726,5.8100000000000005,0.0
97,002746.SZ,仙坛股份,0,0.0,0,0.0,002746.SZ,20190726,16.62,0.0
98,002803.SZ,吉宏股份,0,0.0,0,0.0,002803.SZ,20190726,19.47,0.0
99,002893.SZ,华通热力,0,0.0,0,0.0,002893.SZ,20190726,14.0,0.0
100,002851.SZ,麦格米特,0,0.0,0,0.0,002851.SZ,20190726,21.09,0.0
101,002916.SZ,深南电路,0,0.0,0,0.0,002916.SZ,20190726,114.3,0.0
102,300006.SZ,莱美药业,0,0.0,0,0.0,300006.SZ,20190726,4.69,0.0
103,300010.SZ,立思辰,0,0.0,0,0.0,300010.SZ,20190726,9.200000000000001,0.0
104,300030.SZ,阳普医疗,0,0.0,0,0.0,300030.SZ,20190726,5.73,0.0
105,300040.SZ,九洲电气,0,0.0,0,0.0,300040.SZ,20190726,5.89,0.0
106,300045.SZ,华力创通,0,0.0,0,0.0,300045.SZ,20190726,8.91,0.0
107,300120.SZ,经纬辉开,0,0.0,0,0.0,300120.SZ,20190726,6.33,0.0
108,300130.SZ,新国都,0,0.0,0,0.0,300130.SZ,20190726,16.02,0.0
109,300147.SZ,香雪制药,0,0.0,0,0.0,300147.SZ,20190726,6.45,0.0
110,300166.SZ,东方国信,0,0.0,0,0.0,300166.SZ,20190726,11.81,0.0
111,300207.SZ,欣旺达,0,0.0,0,0.0,300207.SZ,20190726,12.17,0.0
112,300630.SZ,普利制药,0,0.0,0,0.0,300630.SZ,20190726,45.57,0.0
113,300616.SZ,尚品宅配,0,0.0,0,0.0,300616.SZ,20190726,77.37,0.0
114,300702.SZ,天宇股份,0,0.0,0,0.0,300702.SZ,20190726,33.980000000000004,0.0
115,300751.SZ,迈为股份,0,0.0,0,0.0,300751.SZ,20190726,123.29,0.0
116,300766.SZ,每日互动,0,0.0,0,0.0,300766.SZ,20190726,40.88,0.0
117,510500.SH,500ETF,0,5.247000000000001,0,0.0,,,5.285,0.0
118,600036.SH,招商银行,0,37.19,0,0.0,600036.SH,20190726,37.22,0.0
119,600089.SH,特变电工,0,7.0,0,0.0,600089.SH,20190726,7.0200000000000005,0.0
120,600019.SH,宝钢股份,0,6.29,0,0.0,600019.SH,20190726,6.29,0.0
121,000034.SZ,神州数码,0,0.0,0,0.0,000034.SZ,20190726,13.1,0.0
122,600649.SH,城投控股,0,6.35,0,0.0,600649.SH,20190726,6.37,0.0
123,600546.SH,山煤国际,0,6.8,0,0.0,600546.SH,20190726,6.92,0.0
124,600418.SH,江淮汽车,0,5.11,0,0.0,600418.SH,20190726,5.21,0.0
125,600519.SH,贵州茅台,0,967.5,0,0.0,600519.SH,20190726,965.03,-0.0
126,600532.SH,宏达矿业,0,4.81,0,0.0,600532.SH,20190726,4.78,-0.0
127,600675.SH,中华企业,0,5.13,0,0.0,600675.SH,20190726,5.14,0.0
128,600699.SH,均胜电子,0,21.76,0,0.0,600699.SH,20190726,21.830000000000002,0.0
129,600784.SH,鲁银投资,0,5.0,0,0.0,600784.SH,20190726,5.0,0.0
130,600837.SH,XD海通证,0,13.77,0,0.0,600837.SH,20190726,13.81,0.0
131,600864.SH,哈投股份,0,6.56,0,0.0,600864.SH,20190726,6.5600000000000005,0.0
132,600985.SH,淮北矿业,0,11.2,0,0.0,600985.SH,20190726,11.290000000000001,0.0
133,600682.SH,南京新百,0,11.89,0,0.0,600682.SH,20190726,11.89,0.0
134,600694.SH,大商股份,0,27.47,0,0.0,600694.SH,20190726,27.57,0.0
135,600958.SH,东方证券,0,10.35,0,0.0,600958.SH,20190726,10.36,0.0
136,000061.SZ,农 产 品,0,0.0,0,0.0,000061.SZ,20190726,5.3100000000000005,0.0
137,000401.SZ,冀东水泥,0,0.0,0,0.0,000401.SZ,20190726,17.330000000000002,0.0
138,600469.SH,XD风神股,0,5.62,0,0.0,600469.SH,20190726,5.64,0.0
139,600594.SH,益佰制药,0,4.95,0,0.0,600594.SH,20190726,4.95,0.0
140,600643.SH,爱建集团,0,9.28,0,0.0,600643.SH,20190726,9.33,0.0
141,600739.SH,辽宁成大,0,13.87,0,0.0,600739.SH,20190726,13.91,0.0
142,600999.SH,招商证券,0,16.95,0,0.0,600999.SH,20190726,17.0,0.0
143,603817.SH,海峡环保,0,7.13,0,0.0,603817.SH,20190726,7.21,0.0
144,601555.SH,东吴证券,0,10.05,0,0.0,601555.SH,20190726,10.08,0.0
145,601677.SH,明泰铝业,0,10.27,0,0.0,601677.SH,20190726,10.27,0.0
146,603116.SH,红蜻蜓,0,7.62,0,0.0,603116.SH,20190726,7.65,0.0
147,601919.SH,中远海控,0,4.78,0,0.0,601919.SH,20190726,4.83,0.0
148,000584.SZ,哈工智能,0,0.0,0,0.0,000584.SZ,20190726,6.3,0.0
149,000661.SZ,长春高新,0,0.0,0,0.0,000661.SZ,20190726,337.8,0.0
150,000685.SZ,中山公用,0,0.0,0,0.0,000685.SZ,20190726,8.42,0.0
151,000701.SZ,厦门信达,0,0.0,0,0.0,000701.SZ,20190726,6.0,0.0
152,000936.SZ,华西股份,0,0.0,0,0.0,000936.SZ,20190726,8.31,0.0
153,000960.SZ,锡业股份,0,0.0,0,0.0,000960.SZ,20190726,10.6,0.0
154,002013.SZ,中航机电,0,0.0,0,0.0,002013.SZ,20190726,6.92,0.0
155,002127.SZ,南极电商,0,0.0,0,0.0,002127.SZ,20190726,10.74,0.0
156,002208.SZ,合肥城建,0,0.0,0,0.0,002208.SZ,20190726,7.75,0.0
157,002234.SZ,民和股份,0,0.0,0,0.0,002234.SZ,20190726,33.55,0.0
158,002299.SZ,圣农发展,0,0.0,0,0.0,002299.SZ,20190726,26.69,0.0
159,002322.SZ,理工环科,0,0.0,0,0.0,002322.SZ,20190726,12.44,0.0
160,002405.SZ,四维图新,0,0.0,0,0.0,002405.SZ,20190726,14.9,0.0
161,002432.SZ,九安医疗,0,0.0,0,0.0,002432.SZ,20190726,5.51,0.0
162,002448.SZ,中原内配,0,0.0,0,0.0,002448.SZ,20190726,5.39,0.0
163,002449.SZ,国星光电,0,0.0,0,0.0,002449.SZ,20190726,12.16,0.0
164,002458.SZ,益生股份,0,0.0,0,0.0,002458.SZ,20190726,26.07,0.0
165,002512.SZ,达华智能,0,0.0,0,0.0,002512.SZ,20190726,4.75,0.0
166,002527.SZ,新时达,0,0.0,0,0.0,002527.SZ,20190726,4.98,0.0
167,002573.SZ,清新环境,0,0.0,0,0.0,002573.SZ,20190726,7.37,0.0
168,002583.SZ,海能达,0,0.0,0,0.0,002583.SZ,20190726,9.35,0.0
169,002551.SZ,尚荣医疗,0,0.0,0,0.0,002551.SZ,20190726,4.96,0.0
170,002627.SZ,宜昌交运,0,0.0,0,0.0,002627.SZ,20190726,7.140000000000001,0.0
171,600785.SH,新华百货,0,15.75,0,0.0,600785.SH,20190726,15.8,0.0
172,603508.SH,思维列控,0,67.71,0,0.0,603508.SH,20190726,67.7,-0.0
173,600851.SH,海欣股份,0,7.28,0,0.0,600851.SH,20190726,7.25,-0.0
174,603444.SH,吉比特,0,210.58,0,0.0,603444.SH,20190726,211.5,0.0
175,603878.SH,武进不锈,0,9.93,0,0.0,603878.SH,20190726,10.03,0.0
176,300049.SZ,福瑞股份,0,0.0,0,0.0,300049.SZ,20190726,8.14,0.0
177,300088.SZ,长信科技,0,0.0,0,0.0,300088.SZ,20190726,5.68,0.0
178,300098.SZ,高新兴,0,0.0,0,0.0,300098.SZ,20190726,7.21,0.0
179,300231.SZ,银信科技,0,0.0,0,0.0,300231.SZ,20190726,7.09,0.0
180,300253.SZ,卫宁健康,0,0.0,0,0.0,300253.SZ,20190726,13.43,0.0
181,300257.SZ,开山股份,0,0.0,0,0.0,300257.SZ,20190726,10.46,0.0
182,300270.SZ,中威电子,0,0.0,0,0.0,300270.SZ,20190726,6.76,0.0
183,300296.SZ,利亚德,0,0.0,0,0.0,300296.SZ,20190726,7.0200000000000005,0.0
184,300324.SZ,旋极信息,0,0.0,0,0.0,300324.SZ,20190726,5.28,0.0
185,300383.SZ,光环新网,0,0.0,0,0.0,300383.SZ,20190726,19.13,0.0
186,300397.SZ,天和防务,0,0.0,0,0.0,300397.SZ,20190726,19.830000000000002,0.0
187,300413.SZ,芒果超媒,0,0.0,0,0.0,300413.SZ,20190726,37.76,0.0
188,300461.SZ,田中精机,0,0.0,0,0.0,300461.SZ,20190726,20.42,0.0
189,300418.SZ,昆仑万维,0,0.0,0,0.0,300418.SZ,20190726,12.9,0.0
190,300502.SZ,新易盛,0,0.0,0,0.0,300502.SZ,20190726,27.7,0.0
191,300575.SZ,中旗股份,0,0.0,0,0.0,300575.SZ,20190726,26.95,0.0
192,000401.SZ,冀东水泥,-1,17.09,4200,78.16,000401.SZ,20190726,17.330000000000002,-1086.1600000000085
193,000948.SZ,南天信息,-1,10.38,2400,27.12,000948.SZ,20190726,10.43,-147.11999999999745
194,300383.SZ,光环新网,-1,18.94,100,2.06,300383.SZ,20190726,19.13,-21.05999999999977
195,000686.SZ,东北证券,-1,8.98,100,0.98,000686.SZ,20190726,9.0,-2.9799999999999573
196,300130.SZ,新国都,-1,15.99,200,3.48,300130.SZ,20190726,16.02,-9.479999999999873
197,000686.SZ,东北证券,-1,8.98,400,3.9,000686.SZ,20190726,9.0,-11.89999999999983
198,300253.SZ,卫宁健康,-1,13.3,1500,21.72,300253.SZ,20190726,13.43,-216.71999999999852
199,002524.SZ,光正集团,-1,4.97,1900,10.28,002524.SZ,20190726,4.99,-48.28000000000088
200,300270.SZ,中威电子,-1,6.73,2600,19.05,300270.SZ,20190726,6.76,-97.04999999999833
201,300383.SZ,光环新网,-1,18.94,100,2.06,300383.SZ,20190726,19.13,-21.05999999999977
202,002655.SZ,共达电声,-1,8.74,600,5.7,002655.SZ,20190726,8.75,-11.699999999999871
203,300130.SZ,新国都,-1,15.99,100,1.74,300130.SZ,20190726,16.02,-4.739999999999936
204,300130.SZ,新国都,-1,15.99,200,3.48,300130.SZ,20190726,16.02,-9.479999999999873
205,300130.SZ,新国都,-1,15.99,400,6.97,300130.SZ,20190726,16.02,-18.969999999999743
206,300130.SZ,新国都,-1,15.99,200,3.48,300130.SZ,20190726,16.02,-9.479999999999873
207,300130.SZ,新国都,-1,15.99,100,1.74,300130.SZ,20190726,16.02,-4.739999999999936
208,300130.SZ,新国都,-1,15.99,300,5.23,300130.SZ,20190726,16.02,-14.229999999999809
209,300130.SZ,新国都,-1,15.98,1900,33.06,300130.SZ,20190726,16.02,-109.05999999999838
210,300502.SZ,新易盛,-1,27.18,200,5.92,300502.SZ,20190726,27.7,-109.91999999999992
211,000686.SZ,东北证券,-1,8.98,100,0.98,000686.SZ,20190726,9.0,-2.9799999999999573
212,300383.SZ,光环新网,-1,18.94,100,2.06,300383.SZ,20190726,19.13,-21.05999999999977
213,603026.SH,石大胜华,-1,30.55,100,3.33,603026.SH,20190726,30.55,-3.33
214,300270.SZ,中威电子,-1,6.73,200,1.48,300270.SZ,20190726,6.76,-7.4799999999998725
215,300270.SZ,中威电子,-1,6.73,700,5.12,300270.SZ,20190726,6.76,-26.119999999999553
216,300270.SZ,中威电子,-1,6.73,700,5.12,300270.SZ,20190726,6.76,-26.119999999999553
217,000686.SZ,东北证券,-1,8.98,100,0.98,000686.SZ,20190726,9.0,-2.9799999999999573
218,000686.SZ,东北证券,-1,8.98,100,0.98,000686.SZ,20190726,9.0,-2.9799999999999573
219,000686.SZ,东北证券,-1,8.98,100,0.98,000686.SZ,20190726,9.0,-2.9799999999999573
220,000401.SZ,冀东水泥,-1,17.09,100,1.85,000401.SZ,20190726,17.330000000000002,-25.8500000000002
221,000686.SZ,东北证券,-1,8.98,100,0.98,000686.SZ,20190726,9.0,-2.9799999999999573
222,600026.SH,中远海能,-1,6.37,11500,79.77,600026.SH,20190726,6.44,-884.7700000000033
223,000034.SZ,神州数码,-1,12.96,200,2.82,000034.SZ,20190726,13.1,-30.81999999999976
224,300270.SZ,中威电子,-1,6.73,500,3.67,300270.SZ,20190726,6.76,-18.669999999999682
225,300270.SZ,中威电子,-1,6.73,700,5.12,300270.SZ,20190726,6.76,-26.119999999999553
226,300270.SZ,中威电子,-1,6.73,100,0.72,300270.SZ,20190726,6.76,-3.719999999999936
227,300383.SZ,光环新网,-1,18.94,100,2.06,300383.SZ,20190726,19.13,-21.05999999999977
228,300270.SZ,中威电子,-1,6.73,100,0.72,300270.SZ,20190726,6.76,-3.719999999999936
229,000401.SZ,冀东水泥,-1,17.09,1100,20.48,000401.SZ,20190726,17.330000000000002,-284.4800000000022
230,600026.SH,中远海能,-1,6.37,100,0.69,600026.SH,20190726,6.44,-7.690000000000028
231,000686.SZ,东北证券,-1,8.98,100,0.98,000686.SZ,20190726,9.0,-2.9799999999999573
232,000034.SZ,神州数码,-1,12.96,400,5.63,000034.SZ,20190726,13.1,-61.62999999999952
233,300383.SZ,光环新网,-1,18.94,100,2.06,300383.SZ,20190726,19.13,-21.05999999999977
234,000686.SZ,东北证券,-1,8.98,100,0.98,000686.SZ,20190726,9.0,-2.9799999999999573
235,300383.SZ,光环新网,-1,18.94,1000,20.62,300383.SZ,20190726,19.13,-210.61999999999773
236,300270.SZ,中威电子,-1,6.73,1000,7.32,300270.SZ,20190726,6.76,-37.31999999999936
237,000686.SZ,东北证券,-1,8.98,100,0.98,000686.SZ,20190726,9.0,-2.9799999999999573
238,000686.SZ,东北证券,-1,8.98,100,0.98,000686.SZ,20190726,9.0,-2.9799999999999573
239,002384.SZ,东山精密,-1,15.85,100,1.73,002384.SZ,20190726,16.13,-29.729999999999936
240,300766.SZ,每日互动,-1,41.44,500,22.55,300766.SZ,20190726,40.88,257.4499999999976
241,600026.SH,中远海能,-1,6.37,100,0.69,600026.SH,20190726,6.44,-7.690000000000028
242,300575.SZ,中旗股份,-1,26.59,200,5.8,300575.SZ,20190726,26.95,-77.79999999999988
243,300270.SZ,中威电子,-1,6.73,600,4.4,300270.SZ,20190726,6.76,-22.399999999999615
244,000686.SZ,东北证券,-1,8.98,100,0.98,000686.SZ,20190726,9.0,-2.9799999999999573
245,000686.SZ,东北证券,-1,8.98,1200,11.74,000686.SZ,20190726,9.0,-35.73999999999949
246,002655.SZ,共达电声,-1,8.74,200,1.9,002655.SZ,20190726,8.75,-3.8999999999999573
247,000732.SZ,泰禾集团,-1,6.96,1000,7.58,000732.SZ,20190726,7.0,-47.580000000000034
248,600026.SH,中远海能,-1,6.37,100,0.69,600026.SH,20190726,6.44,-7.690000000000028
249,002322.SZ,理工环科,-1,12.36,100,1.34,002322.SZ,20190726,12.44,-9.340000000000007
250,002655.SZ,共达电声,-1,8.74,100,0.95,002655.SZ,20190726,8.75,-1.9499999999999786
251,300006.SZ,莱美药业,-1,4.76,1200,6.21,300006.SZ,20190726,4.69,77.78999999999928
252,000686.SZ,东北证券,-1,8.98,100,0.98,000686.SZ,20190726,9.0,-2.9799999999999573
253,300006.SZ,莱美药业,-1,4.76,1300,6.73,300006.SZ,20190726,4.69,84.26999999999921
254,300006.SZ,莱美药业,-1,4.76,500,2.6,300006.SZ,20190726,4.69,32.3999999999997
255,600026.SH,中远海能,-1,6.37,100,0.69,600026.SH,20190726,6.44,-7.690000000000028
256,000936.SZ,华西股份,-1,8.28,3000,27.05,000936.SZ,20190726,8.31,-117.05000000000341
257,000686.SZ,东北证券,-1,8.98,1000,9.78,000686.SZ,20190726,9.0,-29.779999999999575
258,600026.SH,中远海能,-1,6.37,100,0.69,600026.SH,20190726,6.44,-7.690000000000028
259,600026.SH,中远海能,-1,6.37,100,0.69,600026.SH,20190726,6.44,-7.690000000000028
260,000503.SZ,国新健康,-1,16.95,2400,44.28,000503.SZ,20190726,16.86,171.71999999999966
261,300049.SZ,福瑞股份,-1,8.09,800,7.05,300049.SZ,20190726,8.14,-47.050000000000566
262,600864.SH,哈投股份,-1,6.56,900,6.43,600864.SH,20190726,6.5600000000000005,-6.430000000000799
263,002322.SZ,理工环科,-1,12.36,600,8.08,002322.SZ,20190726,12.44,-56.08000000000004
264,300575.SZ,中旗股份,-1,26.59,100,2.89,300575.SZ,20190726,26.95,-38.889999999999944
265,600026.SH,中远海能,-1,6.37,100,0.69,600026.SH,20190726,6.44,-7.690000000000028
266,300257.SZ,开山股份,-1,10.4,100,1.13,300257.SZ,20190726,10.46,-7.13000000000005
267,002583.SZ,海能达,-1,9.26,9600,96.79,002583.SZ,20190726,9.35,-960.7899999999986
268,300397.SZ,天和防务,-1,19.73,1700,36.51,300397.SZ,20190726,19.830000000000002,-206.5100000000024
269,002512.SZ,达华智能,-1,4.74,10800,55.72,002512.SZ,20190726,4.75,-163.7199999999977
270,300575.SZ,中旗股份,-1,26.59,500,14.49,300575.SZ,20190726,26.95,-194.48999999999972
271,600026.SH,中远海能,-1,6.37,100,0.69,600026.SH,20190726,6.44,-7.690000000000028
272,601628.SH,中国人寿,-1,30.13,400,13.12,601628.SH,20190726,30.3,-81.12000000000069
273,300207.SZ,欣旺达,-1,12.13,500,6.61,300207.SZ,20190726,12.17,-26.609999999999573
274,600785.SH,新华百货,-1,15.75,100,1.72,600785.SH,20190726,15.8,-6.720000000000071
275,000732.SZ,泰禾集团,-1,6.96,1400,10.59,000732.SZ,20190726,7.0,-66.59000000000005
276,300207.SZ,欣旺达,-1,12.13,1100,14.53,300207.SZ,20190726,12.17,-58.52999999999906
277,601677.SH,明泰铝业,-1,10.26,1600,17.88,601677.SH,20190726,10.27,-33.879999999999654
278,603817.SH,海峡环保,-1,7.13,1200,9.32,603817.SH,20190726,7.21,-105.32000000000008
279,000732.SZ,泰禾集团,-1,6.96,300,2.27,000732.SZ,20190726,7.0,-14.27000000000001
280,300257.SZ,开山股份,-1,10.4,100,1.13,300257.SZ,20190726,10.46,-7.13000000000005
281,300207.SZ,欣旺达,-1,12.13,600,7.93,300207.SZ,20190726,12.17,-31.929999999999488
282,601677.SH,明泰铝业,-1,10.26,2500,27.92,601677.SH,20190726,10.27,-52.91999999999947
283,600036.SH,招商银行,-1,37.18,2100,85.0,600036.SH,20190726,37.22,-168.9999999999982
284,600999.SH,招商证券,-1,16.94,600,11.05,600999.SH,20190726,17.0,-47.04999999999923
285,300257.SZ,开山股份,-1,10.4,100,1.13,300257.SZ,20190726,10.46,-7.13000000000005
286,002746.SZ,仙坛股份,-1,16.6,1300,23.49,002746.SZ,20190726,16.62,-49.48999999999944
287,600864.SH,哈投股份,-1,6.56,2500,17.86,600864.SH,20190726,6.5600000000000005,-17.86000000000222
288,600026.SH,中远海能,-1,6.37,1900,13.17,600026.SH,20190726,6.44,-146.17000000000053
289,300010.SZ,立思辰,-1,9.15,300,2.98,300010.SZ,20190726,9.200000000000001,-17.980000000000214
290,300575.SZ,中旗股份,-1,26.59,200,5.8,300575.SZ,20190726,26.95,-77.79999999999988
291,300575.SZ,中旗股份,-1,26.59,100,2.89,300575.SZ,20190726,26.95,-38.889999999999944
292,600685.SH,中船防务,-1,16.16,700,12.32,600685.SH,20190726,16.25,-75.31999999999991
293,600546.SH,山煤国际,-1,6.8,1800,13.32,600546.SH,20190726,6.92,-229.3200000000002
294,002573.SZ,清新环境,-1,7.31,700,5.57,002573.SZ,20190726,7.37,-47.57000000000035
295,300010.SZ,立思辰,-1,9.15,200,2.0,300010.SZ,20190726,9.200000000000001,-12.000000000000142
296,000584.SZ,哈工智能,-1,6.26,1200,8.18,000584.SZ,20190726,6.3,-56.18000000000004
297,000705.SZ,浙江震元,-1,6.43,7100,49.69,000705.SZ,20190726,6.43,-49.69
298,002746.SZ,仙坛股份,-1,16.6,800,14.47,002746.SZ,20190726,16.62,-30.469999999999658
299,600864.SH,哈投股份,-1,6.56,1500,10.72,600864.SH,20190726,6.5600000000000005,-10.720000000001333
300,002746.SZ,仙坛股份,-1,16.6,100,1.8,002746.SZ,20190726,16.62,-3.799999999999957
301,603026.SH,石大胜华,-1,30.55,200,6.65,603026.SH,20190726,30.55,-6.65
302,600958.SH,东方证券,-1,10.35,100,1.13,600958.SH,20190726,10.36,-2.1299999999999786
303,002573.SZ,清新环境,-1,7.31,300,2.38,002573.SZ,20190726,7.37,-20.380000000000148
304,000966.SZ,长源电力,-1,5.11,3400,18.92,000966.SZ,20190726,5.11,-18.92
305,510500.SH,500ETF,-1,5.247000000000001,1300,0.31,,,5.285,-49.709999999999184
306,300257.SZ,开山股份,-1,10.4,100,1.13,300257.SZ,20190726,10.46,-7.13000000000005
307,600864.SH,哈投股份,-1,6.56,500,3.58,600864.SH,20190726,6.5600000000000005,-3.580000000000444
308,600958.SH,东方证券,-1,10.35,1900,21.41,600958.SH,20190726,10.36,-40.4099999999996
309,002299.SZ,圣农发展,-1,26.43,1600,46.05,002299.SZ,20190726,26.69,-462.0500000000025
310,600685.SH,中船防务,-1,16.16,100,1.76,600685.SH,20190726,16.25,-10.759999999999986
311,510500.SH,500ETF,-1,5.247000000000001,200,0.05,,,5.285,-7.649999999999873
312,300413.SZ,芒果超媒,-1,37.77,400,16.45,300413.SZ,20190726,37.76,-12.449999999997953
313,002746.SZ,仙坛股份,-1,16.6,1800,32.54,002746.SZ,20190726,16.62,-68.53999999999922
314,510500.SH,500ETF,-1,5.247000000000001,200,0.05,,,5.285,-7.649999999999873
315,603026.SH,石大胜华,-1,30.55,100,3.33,603026.SH,20190726,30.55,-3.33
316,002916.SZ,深南电路,-1,113.84,100,12.39,002916.SZ,20190726,114.3,-58.389999999999375
317,510500.SH,500ETF,-1,5.247000000000001,2000,0.47,,,5.285,-76.46999999999873
318,002648.SZ,卫星石化,-1,13.83,4600,69.26,002648.SZ,20190726,13.950000000000001,-621.2600000000045
319,300166.SZ,东方国信,-1,11.77,2700,34.61,300166.SZ,20190726,11.81,-142.61000000000251
320,300575.SZ,中旗股份,-1,26.59,200,5.8,300575.SZ,20190726,26.95,-77.79999999999988
321,603026.SH,石大胜华,-1,30.55,100,3.33,603026.SH,20190726,30.55,-3.33
322,002449.SZ,国星光电,-1,12.27,100,1.33,002449.SZ,20190726,12.16,9.669999999999943
323,600682.SH,南京新百,-1,11.89,500,6.48,600682.SH,20190726,11.89,-6.48
324,600785.SH,新华百货,-1,15.75,1500,25.72,600785.SH,20190726,15.8,-100.72000000000106
325,601677.SH,明泰铝业,-1,10.26,200,2.23,601677.SH,20190726,10.27,-4.229999999999958
326,300296.SZ,利亚德,-1,6.98,5000,38.0,300296.SZ,20190726,7.0200000000000005,-238.00000000000017
327,300296.SZ,利亚德,-1,6.98,2000,15.2,300296.SZ,20190726,7.0200000000000005,-95.20000000000007
328,002449.SZ,国星光电,-1,12.27,200,2.67,002449.SZ,20190726,12.16,19.329999999999885
329,300296.SZ,利亚德,-1,6.98,100,0.75,300296.SZ,20190726,7.0200000000000005,-4.7500000000000036
330,300296.SZ,利亚德,-1,6.98,5500,41.8,300296.SZ,20190726,7.0200000000000005,-261.8000000000002
331,510500.SH,500ETF,-1,5.247000000000001,1900,0.45,,,5.285,-72.6499999999988
332,002013.SZ,中航机电,-1,6.91,1125,8.47,002013.SZ,20190726,6.92,-19.71999999999976
333,300257.SZ,开山股份,-1,10.4,100,1.13,300257.SZ,20190726,10.46,-7.13000000000005
334,510500.SH,500ETF,-1,5.247000000000001,400,0.09,,,5.285,-15.289999999999747
335,300413.SZ,芒果超媒,-1,37.77,300,12.34,300413.SZ,20190726,37.76,-9.339999999998465
336,002208.SZ,合肥城建,-1,7.76,3800,32.11,002208.SZ,20190726,7.75,5.8899999999991905
337,002573.SZ,清新环境,-1,7.31,200,1.59,002573.SZ,20190726,7.37,-13.5900000000001
338,300010.SZ,立思辰,-1,9.15,700,6.98,300010.SZ,20190726,9.200000000000001,-41.9800000000005
339,510500.SH,500ETF,-1,5.247000000000001,1000,0.24,,,5.285,-38.23999999999937
340,600340.SH,华夏幸福,-1,30.96,1500,50.56,600340.SH,20190726,31.0,-110.55999999999872
341,300257.SZ,开山股份,-1,10.4,200,2.26,300257.SZ,20190726,10.46,-14.2600000000001
342,300257.SZ,开山股份,-1,10.4,100,1.13,300257.SZ,20190726,10.46,-7.13000000000005
343,601677.SH,明泰铝业,-1,10.26,100,1.12,601677.SH,20190726,10.27,-2.119999999999979
344,002573.SZ,清新环境,-1,7.31,300,2.38,002573.SZ,20190726,7.37,-20.380000000000148
345,600864.SH,哈投股份,-1,6.56,2500,17.86,600864.SH,20190726,6.5600000000000005,-17.86000000000222
346,510500.SH,500ETF,-1,5.247000000000001,16900,3.99,,,5.285,-646.1899999999894
347,510500.SH,500ETF,-1,5.247000000000001,1000,0.24,,,5.285,-38.23999999999937
348,002449.SZ,国星光电,-1,12.27,300,4.0,002449.SZ,20190726,12.16,28.99999999999983
349,601677.SH,明泰铝业,-1,10.26,500,5.58,601677.SH,20190726,10.27,-10.579999999999893
350,600682.SH,南京新百,-1,11.89,500,6.48,600682.SH,20190726,11.89,-6.48
351,002013.SZ,中航机电,-1,6.91,5900,44.4,002013.SZ,20190726,6.92,-103.39999999999874
352,510500.SH,500ETF,-1,5.247000000000001,2000,0.47,,,5.285,-76.46999999999873
353,002013.SZ,中航机电,-1,6.91,3175,23.89,002013.SZ,20190726,6.92,-55.639999999999326
354,002449.SZ,国星光电,-1,12.27,100,1.33,002449.SZ,20190726,12.16,9.669999999999943
355,600864.SH,哈投股份,-1,6.56,2300,16.42,600864.SH,20190726,6.5600000000000005,-16.420000000002045
356,510500.SH,500ETF,-1,5.247000000000001,900,0.21,,,5.285,-34.409999999999435
357,300575.SZ,中旗股份,-1,26.59,100,2.89,300575.SZ,20190726,26.95,-38.889999999999944
358,002573.SZ,清新环境,-1,7.31,800,6.37,002573.SZ,20190726,7.37,-54.370000000000395
359,510500.SH,500ETF,-1,5.247000000000001,20000,4.72,,,5.285,-764.7199999999874
360,002449.SZ,国星光电,-1,12.27,300,4.0,002449.SZ,20190726,12.16,28.99999999999983
361,510500.SH,500ETF,-1,5.247000000000001,300,0.07,,,5.285,-11.46999999999981
362,300257.SZ,开山股份,-1,10.4,100,1.13,300257.SZ,20190726,10.46,-7.13000000000005
363,300413.SZ,芒果超媒,-1,37.77,300,12.34,300413.SZ,20190726,37.76,-9.339999999998465
364,300702.SZ,天宇股份,-1,33.62,200,7.31,300702.SZ,20190726,33.980000000000004,-79.31000000000131
365,600019.SH,宝钢股份,-1,6.29,6400,43.84,600019.SH,20190726,6.29,-43.84
366,600026.SH,中远海能,-1,6.37,4800,33.29,600026.SH,20190726,6.44,-369.2900000000014
367,002478.SZ,常宝股份,-1,6.44,2500,17.52,002478.SZ,20190726,6.48,-117.52000000000008
368,600053.SH,九鼎投资,-1,22.87,600,14.93,600053.SH,20190726,23.01,-98.93000000000035
369,601677.SH,明泰铝业,-1,10.26,1400,15.64,601677.SH,20190726,10.27,-29.639999999999702
370,300702.SZ,天宇股份,-1,33.62,100,3.66,300702.SZ,20190726,33.980000000000004,-39.66000000000065
371,603026.SH,石大胜华,-1,30.55,200,6.65,603026.SH,20190726,30.55,-6.65
372,300257.SZ,开山股份,-1,10.4,100,1.13,300257.SZ,20190726,10.46,-7.13000000000005
373,002449.SZ,国星光电,-1,12.27,200,2.67,002449.SZ,20190726,12.16,19.329999999999885
374,002462.SZ,嘉事堂,-1,15.02,500,8.18,002462.SZ,20190726,15.120000000000001,-58.18000000000071
375,510500.SH,500ETF,-1,5.247000000000001,50000,11.81,,,5.285,-1911.8099999999683
376,002851.SZ,麦格米特,-1,20.87,100,2.27,002851.SZ,20190726,21.09,-24.269999999999886
377,601677.SH,明泰铝业,-1,10.26,100,1.12,601677.SH,20190726,10.27,-2.119999999999979
378,300088.SZ,长信科技,-1,5.61,3500,21.38,300088.SZ,20190726,5.68,-266.3799999999979
379,002851.SZ,麦格米特,-1,20.87,100,2.27,002851.SZ,20190726,21.09,-24.269999999999886
380,300088.SZ,长信科技,-1,5.61,100,0.61,300088.SZ,20190726,5.68,-7.60999999999994
381,510500.SH,500ETF,-1,5.247000000000001,2000,0.47,,,5.285,-76.46999999999873
382,601677.SH,明泰铝业,-1,10.26,2200,24.57,601677.SH,20190726,10.27,-46.56999999999953
383,300257.SZ,开山股份,-1,10.4,100,1.13,300257.SZ,20190726,10.46,-7.13000000000005
384,603026.SH,石大胜华,-1,30.55,100,3.33,603026.SH,20190726,30.55,-3.33
385,510500.SH,500ETF,-1,5.247000000000001,1300,0.31,,,5.285,-49.709999999999184
386,601677.SH,明泰铝业,-1,10.26,2200,24.57,601677.SH,20190726,10.27,-46.56999999999953
387,300049.SZ,福瑞股份,-1,8.09,1600,14.09,300049.SZ,20190726,8.14,-94.09000000000114
388,300702.SZ,天宇股份,-1,33.62,200,7.31,300702.SZ,20190726,33.980000000000004,-79.31000000000131
389,600053.SH,九鼎投资,-1,22.87,100,2.5,600053.SH,20190726,23.01,-16.500000000000057
390,603189.SH,网达软件,-1,17.77,600,11.6,603189.SH,20190726,17.87,-71.60000000000085
391,510500.SH,500ETF,-1,5.247000000000001,6200,1.46,,,5.285,-237.05999999999608
392,300413.SZ,芒果超媒,-1,37.77,700,28.79,300413.SZ,20190726,37.76,-21.789999999996418
393,601677.SH,明泰铝业,-1,10.26,2400,26.8,601677.SH,20190726,10.27,-50.799999999999486
394,601677.SH,明泰铝业,-1,10.26,100,1.12,601677.SH,20190726,10.27,-2.119999999999979
395,300702.SZ,天宇股份,-1,33.62,1000,36.6,300702.SZ,20190726,33.980000000000004,-396.60000000000656
396,300257.SZ,开山股份,-1,10.4,100,1.13,300257.SZ,20190726,10.46,-7.13000000000005
397,601677.SH,明泰铝业,-1,10.26,100,1.12,601677.SH,20190726,10.27,-2.119999999999979
398,300257.SZ,开山股份,-1,10.4,100,1.13,300257.SZ,20190726,10.46,-7.13000000000005
399,300257.SZ,开山股份,-1,10.4,100,1.13,300257.SZ,20190726,10.46,-7.13000000000005
400,601677.SH,明泰铝业,-1,10.26,100,1.12,601677.SH,20190726,10.27,-2.119999999999979
401,600053.SH,九鼎投资,-1,22.87,100,2.5,600053.SH,20190726,23.01,-16.500000000000057
402,600053.SH,九鼎投资,-1,22.87,100,2.5,600053.SH,20190726,23.01,-16.500000000000057
403,600053.SH,九鼎投资,-1,22.87,100,2.5,600053.SH,20190726,23.01,-16.500000000000057
404,300257.SZ,开山股份,-1,10.4,200,2.26,300257.SZ,20190726,10.46,-14.2600000000001
405,002851.SZ,麦格米特,-1,20.87,100,2.27,002851.SZ,20190726,21.09,-24.269999999999886
406,000568.SZ,泸州老窖,-1,82.7,400,36.01,000568.SZ,20190726,82.21000000000001,159.98999999999796
407,510500.SH,500ETF,-1,5.247000000000001,100,0.02,,,5.285,-3.819999999999937
408,510500.SH,500ETF,-1,5.247000000000001,1000,0.24,,,5.285,-38.23999999999937
409,510500.SH,500ETF,-1,5.247000000000001,900,0.21,,,5.285,-34.409999999999435
410,300702.SZ,天宇股份,-1,33.62,100,3.66,300702.SZ,20190726,33.980000000000004,-39.66000000000065
411,510500.SH,500ETF,-1,5.247000000000001,200,0.05,,,5.285,-7.649999999999873
412,000584.SZ,哈工智能,-1,6.26,100,0.68,000584.SZ,20190726,6.3,-4.680000000000003
413,000584.SZ,哈工智能,-1,6.26,100,0.68,000584.SZ,20190726,6.3,-4.680000000000003
414,000584.SZ,哈工智能,-1,6.26,100,0.68,000584.SZ,20190726,6.3,-4.680000000000003
415,000584.SZ,哈工智能,-1,6.26,100,0.68,000584.SZ,20190726,6.3,-4.680000000000003
416,000584.SZ,哈工智能,-1,6.26,100,0.68,000584.SZ,20190726,6.3,-4.680000000000003
417,000584.SZ,哈工智能,-1,6.26,100,0.68,000584.SZ,20190726,6.3,-4.680000000000003
418,000584.SZ,哈工智能,-1,6.26,100,0.68,000584.SZ,20190726,6.3,-4.680000000000003
419,000584.SZ,哈工智能,-1,6.26,100,0.68,000584.SZ,20190726,6.3,-4.680000000000003
420,000584.SZ,哈工智能,-1,6.26,100,0.68,000584.SZ,20190726,6.3,-4.680000000000003
421,000584.SZ,哈工智能,-1,6.26,100,0.68,000584.SZ,20190726,6.3,-4.680000000000003
422,000584.SZ,哈工智能,-1,6.26,100,0.68,000584.SZ,20190726,6.3,-4.680000000000003
423,000584.SZ,哈工智能,-1,6.26,100,0.68,000584.SZ,20190726,6.3,-4.680000000000003
424,300702.SZ,天宇股份,-1,33.62,100,3.66,300702.SZ,20190726,33.980000000000004,-39.66000000000065
425,510500.SH,500ETF,-1,5.247000000000001,100,0.02,,,5.285,-3.819999999999937
426,510500.SH,500ETF,-1,5.247000000000001,100,0.02,,,5.285,-3.819999999999937
427,510500.SH,500ETF,-1,5.247000000000001,100,0.02,,,5.285,-3.819999999999937
428,510500.SH,500ETF,-1,5.247000000000001,10000,2.36,,,5.285,-382.3599999999937
429,510500.SH,500ETF,-1,5.247000000000001,44900,10.6,,,5.285,-1716.7999999999715
430,300702.SZ,天宇股份,-1,33.62,100,3.66,300702.SZ,20190726,33.980000000000004,-39.66000000000065
431,600837.SH,XD海通证,-1,13.78,1200,18.01,600837.SH,20190726,13.81,-54.01000000000137
432,600694.SH,大商股份,-1,27.4,1000,29.83,600694.SH,20190726,27.57,-199.8300000000017
433,002234.SZ,民和股份,-1,33.14,300,10.82,002234.SZ,20190726,33.55,-133.81999999999897
434,600837.SH,XD海通证,-1,13.78,3200,48.01,600837.SH,20190726,13.81,-144.01000000000363
435,002851.SZ,麦格米特,-1,20.87,200,4.53,002851.SZ,20190726,21.09,-48.529999999999774
436,002234.SZ,民和股份,-1,33.14,900,32.48,002234.SZ,20190726,33.55,-401.47999999999695
437,603508.SH,思维列控,-1,67.69,100,7.38,603508.SH,20190726,67.7,-8.38000000000051
438,603508.SH,思维列控,-1,67.69,100,7.38,603508.SH,20190726,67.7,-8.38000000000051
439,603508.SH,思维列控,-1,67.69,100,7.38,603508.SH,20190726,67.7,-8.38000000000051
440,603508.SH,思维列控,-1,67.69,900,66.33,603508.SH,20190726,67.7,-75.3300000000046
441,300418.SZ,昆仑万维,-1,12.84,2664,37.24,300418.SZ,20190726,12.9,-197.08000000000135
442,002851.SZ,麦格米特,-1,20.87,2400,54.53,002851.SZ,20190726,21.09,-582.5299999999972
443,002851.SZ,麦格米特,-1,20.87,200,4.53,002851.SZ,20190726,21.09,-48.529999999999774
444,300418.SZ,昆仑万维,-1,12.84,36,0.5,300418.SZ,20190726,12.9,-2.660000000000018
445,000960.SZ,锡业股份,-1,10.58,700,8.07,000960.SZ,20190726,10.6,-22.069999999999702
446,300630.SZ,普利制药,0,0.0,0,0.0,300630.SZ,20190726,45.57,0.0
447,600089.SH,特变电工,0,7.0,0,0.0,600089.SH,20190726,7.0200000000000005,0.0
448,600469.SH,XD风神股,0,5.62,0,0.0,600469.SH,20190726,5.64,0.0
449,000039.SZ,中集集团,0,0.0,0,0.0,000039.SZ,20190726,10.32,0.0
450,600191.SH,华资实业,0,5.71,0,0.0,600191.SH,20190726,5.68,-0.0
451,000153.SZ,丰原药业,0,0.0,0,0.0,000153.SZ,20190726,6.13,0.0
452,600682.SH,南京新百,0,11.89,0,0.0,600682.SH,20190726,11.89,0.0
453,600636.SH,三爱富,0,10.5,0,0.0,600636.SH,20190726,10.51,0.0
454,600532.SH,宏达矿业,0,4.81,0,0.0,600532.SH,20190726,4.78,-0.0
455,000636.SZ,风华高科,0,0.0,0,0.0,000636.SZ,20190726,10.57,0.0
456,000697.SZ,炼石航空,0,0.0,0,0.0,000697.SZ,20190726,10.86,0.0
457,002057.SZ,中钢天源,0,0.0,0,0.0,002057.SZ,20190726,9.91,0.0
458,002091.SZ,江苏国泰,0,0.0,0,0.0,002091.SZ,20190726,5.38,0.0
459,002097.SZ,山河智能,0,0.0,0,0.0,002097.SZ,20190726,6.08,0.0
460,002458.SZ,益生股份,0,0.0,0,0.0,002458.SZ,20190726,26.07,0.0
461,002527.SZ,新时达,0,0.0,0,0.0,002527.SZ,20190726,4.98,0.0
462,002551.SZ,尚荣医疗,0,0.0,0,0.0,002551.SZ,20190726,4.96,0.0
463,002627.SZ,宜昌交运,0,0.0,0,0.0,002627.SZ,20190726,7.140000000000001,0.0
464,002707.SZ,众信旅游,0,0.0,0,0.0,002707.SZ,20190726,5.8100000000000005,0.0
465,002893.SZ,华通热力,0,0.0,0,0.0,002893.SZ,20190726,14.0,0.0
466,300120.SZ,经纬辉开,0,0.0,0,0.0,300120.SZ,20190726,6.33,0.0
467,300098.SZ,高新兴,0,0.0,0,0.0,300098.SZ,20190726,7.21,0.0
468,601377.SH,兴业证券,0,6.53,0,0.0,601377.SH,20190726,6.55,0.0
469,601919.SH,中远海控,0,4.78,0,0.0,601919.SH,20190726,4.83,0.0
470,601669.SH,中国电建,0,5.01,0,0.0,601669.SH,20190726,5.0200000000000005,0.0
471,600787.SH,中储股份,0,5.63,0,0.0,600787.SH,20190726,5.65,0.0
472,600851.SH,海欣股份,0,7.28,0,0.0,600851.SH,20190726,7.25,-0.0
473,601677.SH,明泰铝业,0,10.26,0,0.0,601677.SH,20190726,10.27,0.0
474,603116.SH,红蜻蜓,0,7.62,0,0.0,603116.SH,20190726,7.65,0.0
475,601801.SH,皖新传媒,0,5.81,0,0.0,601801.SH,20190726,5.83,0.0
476,603444.SH,吉比特,0,211.14,0,0.0,603444.SH,20190726,211.5,0.0
477,603878.SH,武进不锈,0,9.93,0,0.0,603878.SH,20190726,10.03,0.0
478,300147.SZ,香雪制药,0,0.0,0,0.0,300147.SZ,20190726,6.45,0.0
479,300324.SZ,旋极信息,0,0.0,0,0.0,300324.SZ,20190726,5.28,0.0
480,300461.SZ,田中精机,0,0.0,0,0.0,300461.SZ,20190726,20.42,0.0
481,300575.SZ,中旗股份,0,0.0,0,0.0,300575.SZ,20190726,26.95,0.0
482,300616.SZ,尚品宅配,0,0.0,0,0.0,300616.SZ,20190726,77.37,0.0
483,300766.SZ,每日互动,0,0.0,0,0.0,300766.SZ,20190726,40.88,0.0
484,300751.SZ,迈为股份,0,0.0,0,0.0,300751.SZ,20190726,123.29,0.0
485,600064.SH,南京高科,0,9.73,0,0.0,600064.SH,20190726,9.77,0.0
486,600094.SH,大名城,0,7.52,0,0.0,600094.SH,20190726,7.49,-0.0
487,600416.SH,湘电股份,0,5.66,0,0.0,600416.SH,20190726,5.67,0.0
488,600306.SH,商业城,0,6.66,0,0.0,600306.SH,20190726,6.57,-0.0
489,600418.SH,江淮汽车,0,5.11,0,0.0,600418.SH,20190726,5.21,0.0
490,000158.SZ,常山北明,0,0.0,0,0.0,000158.SZ,20190726,5.33,0.0
491,600675.SH,中华企业,0,5.13,0,0.0,600675.SH,20190726,5.14,0.0
492,600739.SH,辽宁成大,0,13.87,0,0.0,600739.SH,20190726,13.91,0.0
493,600519.SH,贵州茅台,0,967.48,0,0.0,600519.SH,20190726,965.03,-0.0
494,000061.SZ,农 产 品,0,0.0,0,0.0,000061.SZ,20190726,5.3100000000000005,0.0
495,000402.SZ,金 融 街,0,0.0,0,0.0,000402.SZ,20190726,7.7700000000000005,0.0
496,000559.SZ,万向钱潮,0,0.0,0,0.0,000559.SZ,20190726,5.8500000000000005,0.0
497,000661.SZ,长春高新,0,0.0,0,0.0,000661.SZ,20190726,337.8,0.0
498,000685.SZ,中山公用,0,0.0,0,0.0,000685.SZ,20190726,8.42,0.0
499,000732.SZ,泰禾集团,0,0.0,0,0.0,000732.SZ,20190726,7.0,0.0
500,000762.SZ,西藏矿业,0,0.0,0,0.0,000762.SZ,20190726,7.46,0.0
501,000701.SZ,厦门信达,0,0.0,0,0.0,000701.SZ,20190726,6.0,0.0
502,000822.SZ,山东海化,0,0.0,0,0.0,000822.SZ,20190726,5.08,0.0
503,000960.SZ,锡业股份,0,0.0,0,0.0,000960.SZ,20190726,10.6,0.0
504,600649.SH,城投控股,0,6.35,0,0.0,600649.SH,20190726,6.37,0.0
505,600673.SH,东阳光,0,7.95,0,0.0,600673.SH,20190726,7.97,0.0
506,600699.SH,均胜电子,0,21.76,0,0.0,600699.SH,20190726,21.830000000000002,0.0
507,600685.SH,中船防务,0,16.16,0,0.0,600685.SH,20190726,16.25,0.0
508,600784.SH,鲁银投资,0,4.99,0,0.0,600784.SH,20190726,5.0,0.0
509,600985.SH,淮北矿业,0,11.2,0,0.0,600985.SH,20190726,11.290000000000001,0.0
510,600594.SH,益佰制药,0,4.95,0,0.0,600594.SH,20190726,4.95,0.0
511,600643.SH,爱建集团,0,9.28,0,0.0,600643.SH,20190726,9.33,0.0
512,600645.SH,中源协和,0,16.07,0,0.0,600645.SH,20190726,16.11,0.0
513,002065.SZ,东华软件,0,0.0,0,0.0,002065.SZ,20190726,6.8100000000000005,0.0
514,002139.SZ,拓邦股份,0,0.0,0,0.0,002139.SZ,20190726,5.89,0.0
515,002127.SZ,南极电商,0,0.0,0,0.0,002127.SZ,20190726,10.74,0.0
516,002208.SZ,合肥城建,0,0.0,0,0.0,002208.SZ,20190726,7.75,0.0
517,002322.SZ,理工环科,0,0.0,0,0.0,002322.SZ,20190726,12.44,0.0
518,002332.SZ,仙琚制药,0,0.0,0,0.0,002332.SZ,20190726,6.65,0.0
519,002405.SZ,四维图新,0,0.0,0,0.0,002405.SZ,20190726,14.9,0.0
520,002423.SZ,中原特钢,0,0.0,0,0.0,002423.SZ,20190726,9.25,0.0
521,002432.SZ,九安医疗,0,0.0,0,0.0,002432.SZ,20190726,5.51,0.0
522,002448.SZ,中原内配,0,0.0,0,0.0,002448.SZ,20190726,5.39,0.0
523,002462.SZ,嘉事堂,0,0.0,0,0.0,002462.SZ,20190726,15.120000000000001,0.0
524,002803.SZ,吉宏股份,0,0.0,0,0.0,002803.SZ,20190726,19.47,0.0
525,300030.SZ,阳普医疗,0,0.0,0,0.0,300030.SZ,20190726,5.73,0.0
526,300040.SZ,九洲电气,0,0.0,0,0.0,300040.SZ,20190726,5.89,0.0
527,300045.SZ,华力创通,0,0.0,0,0.0,300045.SZ,20190726,8.91,0.0
528,601555.SH,东吴证券,0,10.05,0,0.0,601555.SH,20190726,10.08,0.0
529,601318.SH,中国平安,0,89.65,0,0.0,601318.SH,20190726,90.10000000000001,0.0
530,600785.SH,新华百货,0,15.75,0,0.0,600785.SH,20190726,15.8,0.0
531,300231.SZ,银信科技,0,0.0,0,0.0,300231.SZ,20190726,7.09,0.0
532,000697.SZ,炼石航空,-1,10.86,700,8.27,000697.SZ,20190726,10.86,-8.27
533,002458.SZ,益生股份,-1,25.96,100,2.83,002458.SZ,20190726,26.07,-13.829999999999943
534,000685.SZ,中山公用,-1,8.39,100,0.92,000685.SZ,20190726,8.42,-3.919999999999936
535,600636.SH,三爱富,-1,10.48,200,2.28,600636.SH,20190726,10.51,-8.279999999999871
536,600682.SH,南京新百,-1,11.88,100,1.29,600682.SH,20190726,11.89,-2.2899999999999787
537,600643.SH,爱建集团,-1,9.26,3400,34.27,600643.SH,20190726,9.33,-272.27000000000095
538,002458.SZ,益生股份,-1,25.96,2200,62.17,002458.SZ,20190726,26.07,-304.16999999999877
539,002458.SZ,益生股份,-1,25.96,300,8.49,002458.SZ,20190726,26.07,-41.48999999999983
540,002458.SZ,益生股份,-1,25.96,200,5.64,002458.SZ,20190726,26.07,-27.639999999999887
541,000685.SZ,中山公用,-1,8.39,100,0.92,000685.SZ,20190726,8.42,-3.919999999999936
542,000685.SZ,中山公用,-1,8.39,100,0.92,000685.SZ,20190726,8.42,-3.919999999999936
543,000685.SZ,中山公用,-1,8.39,100,0.92,000685.SZ,20190726,8.42,-3.919999999999936
544,000685.SZ,中山公用,-1,8.39,100,0.92,000685.SZ,20190726,8.42,-3.919999999999936
545,000685.SZ,中山公用,-1,8.39,100,0.92,000685.SZ,20190726,8.42,-3.919999999999936
546,000685.SZ,中山公用,-1,8.39,100,0.92,000685.SZ,20190726,8.42,-3.919999999999936
547,000685.SZ,中山公用,-1,8.39,100,0.92,000685.SZ,20190726,8.42,-3.919999999999936
548,000685.SZ,中山公用,-1,8.39,100,0.92,000685.SZ,20190726,8.42,-3.919999999999936
549,000685.SZ,中山公用,-1,8.39,100,0.92,000685.SZ,20190726,8.42,-3.919999999999936
550,000685.SZ,中山公用,-1,8.39,100,0.92,000685.SZ,20190726,8.42,-3.919999999999936
551,000685.SZ,中山公用,-1,8.39,100,0.92,000685.SZ,20190726,8.42,-3.919999999999936
552,000685.SZ,中山公用,-1,8.39,100,0.92,000685.SZ,20190726,8.42,-3.919999999999936
553,000685.SZ,中山公用,-1,8.39,100,0.92,000685.SZ,20190726,8.42,-3.919999999999936
554,300766.SZ,每日互动,-1,41.37,100,4.5,300766.SZ,20190726,40.88,44.49999999999949
555,600682.SH,南京新百,-1,11.88,3600,46.57,600682.SH,20190726,11.89,-82.56999999999923
556,000661.SZ,长春高新,-1,334.92,100,36.46,000661.SZ,20190726,337.8,-324.4599999999995
557,600469.SH,XD风神股,-1,5.6,5700,34.75,600469.SH,20190726,5.64,-262.7500000000002
558,000697.SZ,炼石航空,-1,10.86,300,3.56,000697.SZ,20190726,10.86,-3.56
559,000685.SZ,中山公用,-1,8.39,200,1.82,000685.SZ,20190726,8.42,-7.819999999999872
560,000685.SZ,中山公用,-1,8.39,500,4.56,000685.SZ,20190726,8.42,-19.55999999999968
561,600469.SH,XD风神股,-1,5.6,500,3.06,600469.SH,20190726,5.64,-23.060000000000016
562,300766.SZ,每日互动,-1,41.37,300,13.51,300766.SZ,20190726,40.88,133.48999999999847
563,600469.SH,XD风神股,-1,5.6,500,3.06,600469.SH,20190726,5.64,-23.060000000000016
564,000685.SZ,中山公用,-1,8.39,100,0.92,000685.SZ,20190726,8.42,-3.919999999999936
565,000661.SZ,长春高新,-1,334.92,100,36.46,000661.SZ,20190726,337.8,-324.4599999999995
566,600682.SH,南京新百,-1,11.88,300,3.87,600682.SH,20190726,11.89,-6.869999999999936
567,600673.SH,东阳光,-1,7.94,1800,15.57,600673.SH,20190726,7.97,-69.56999999999886
568,600469.SH,XD风神股,-1,5.6,19300,117.66,600469.SH,20190726,5.64,-889.6600000000007
569,600682.SH,南京新百,-1,11.88,900,11.63,600682.SH,20190726,11.89,-20.62999999999981
570,000661.SZ,长春高新,-1,334.92,100,36.46,000661.SZ,20190726,337.8,-324.4599999999995
571,000661.SZ,长春高新,-1,334.92,100,36.46,000661.SZ,20190726,337.8,-324.4599999999995
572,600673.SH,东阳光,-1,7.94,200,1.73,600673.SH,20190726,7.97,-7.7299999999998725
573,300751.SZ,迈为股份,-1,122.59,200,26.69,300751.SZ,20190726,123.29,-166.69000000000057
574,300098.SZ,高新兴,-1,7.17,900,7.02,300098.SZ,20190726,7.21,-43.020000000000024
575,000685.SZ,中山公用,-1,8.39,100,0.92,000685.SZ,20190726,8.42,-3.919999999999936
576,002139.SZ,拓邦股份,-1,5.87,1000,6.4,002139.SZ,20190726,5.89,-26.399999999999572
577,600519.SH,贵州茅台,-1,966.69,100,105.24,600519.SH,20190726,965.03,60.76000000000819
578,002139.SZ,拓邦股份,-1,5.87,100,0.64,002139.SZ,20190726,5.89,-2.6399999999999575
579,002139.SZ,拓邦股份,-1,5.87,1300,8.3,002139.SZ,20190726,5.89,-34.29999999999944
580,300766.SZ,每日互动,-1,41.37,400,18.02,300766.SZ,20190726,40.88,177.97999999999794
581,600682.SH,南京新百,-1,11.88,1000,12.94,600682.SH,20190726,11.89,-22.939999999999785
582,600636.SH,三爱富,-1,10.48,1000,11.41,600636.SH,20190726,10.51,-41.40999999999936
583,000685.SZ,中山公用,-1,8.39,100,0.92,000685.SZ,20190726,8.42,-3.919999999999936
584,002057.SZ,中钢天源,-1,9.91,600,6.48,002057.SZ,20190726,9.91,-6.48
585,002057.SZ,中钢天源,-1,9.91,1100,11.87,002057.SZ,20190726,9.91,-11.87
586,600064.SH,南京高科,0,9.71,0,0.0,600064.SH,20190726,9.77,0.0
587,600089.SH,特变电工,0,7.0,0,0.0,600089.SH,20190726,7.0200000000000005,0.0
588,600306.SH,商业城,0,6.63,0,0.0,600306.SH,20190726,6.57,-0.0
589,000039.SZ,中集集团,0,0.0,0,0.0,000039.SZ,20190726,10.32,0.0
590,600094.SH,大名城,0,7.52,0,0.0,600094.SH,20190726,7.49,-0.0
591,000153.SZ,丰原药业,0,0.0,0,0.0,000153.SZ,20190726,6.13,0.0
592,000158.SZ,常山北明,0,0.0,0,0.0,000158.SZ,20190726,5.33,0.0
593,600649.SH,城投控股,0,6.35,0,0.0,600649.SH,20190726,6.37,0.0
594,600699.SH,均胜电子,0,21.73,0,0.0,600699.SH,20190726,21.830000000000002,0.0
595,600784.SH,鲁银投资,0,4.99,0,0.0,600784.SH,20190726,5.0,0.0
596,600594.SH,益佰制药,0,4.95,0,0.0,600594.SH,20190726,4.95,0.0
597,600645.SH,中源协和,0,16.06,0,0.0,600645.SH,20190726,16.11,0.0
598,600685.SH,中船防务,0,16.18,0,0.0,600685.SH,20190726,16.25,0.0
599,000762.SZ,西藏矿业,0,0.0,0,0.0,000762.SZ,20190726,7.46,0.0
600,600418.SH,江淮汽车,0,5.11,0,0.0,600418.SH,20190726,5.21,0.0
601,600532.SH,宏达矿业,0,4.8,0,0.0,600532.SH,20190726,4.78,-0.0
602,000701.SZ,厦门信达,0,0.0,0,0.0,000701.SZ,20190726,6.0,0.0
603,600675.SH,中华企业,0,5.13,0,0.0,600675.SH,20190726,5.14,0.0
604,600682.SH,南京新百,0,11.88,0,0.0,600682.SH,20190726,11.89,0.0
605,600739.SH,辽宁成大,0,13.87,0,0.0,600739.SH,20190726,13.91,0.0
606,601318.SH,中国平安,0,89.65,0,0.0,601318.SH,20190726,90.10000000000001,0.0
607,601555.SH,东吴证券,0,10.05,0,0.0,601555.SH,20190726,10.08,0.0
608,601677.SH,明泰铝业,0,10.24,0,0.0,601677.SH,20190726,10.27,0.0
609,002091.SZ,江苏国泰,0,0.0,0,0.0,002091.SZ,20190726,5.38,0.0
610,002097.SZ,山河智能,0,0.0,0,0.0,002097.SZ,20190726,6.08,0.0
611,002208.SZ,合肥城建,0,0.0,0,0.0,002208.SZ,20190726,7.75,0.0
612,002322.SZ,理工环科,0,0.0,0,0.0,002322.SZ,20190726,12.44,0.0
613,002332.SZ,仙琚制药,0,0.0,0,0.0,002332.SZ,20190726,6.65,0.0
614,002527.SZ,新时达,0,0.0,0,0.0,002527.SZ,20190726,4.98,0.0
615,002627.SZ,宜昌交运,0,0.0,0,0.0,002627.SZ,20190726,7.140000000000001,0.0
616,300030.SZ,阳普医疗,0,0.0,0,0.0,300030.SZ,20190726,5.73,0.0
617,600787.SH,中储股份,0,5.63,0,0.0,600787.SH,20190726,5.65,0.0
618,600985.SH,淮北矿业,0,11.16,0,0.0,600985.SH,20190726,11.290000000000001,0.0
619,601801.SH,皖新传媒,0,5.8,0,0.0,601801.SH,20190726,5.83,0.0
620,000039.SZ,中集集团,-1,10.23,2100,23.39,000039.SZ,20190726,10.32,-212.3899999999997
621,600191.SH,华资实业,0,5.71,0,0.0,600191.SH,20190726,5.68,-0.0
622,600416.SH,湘电股份,0,5.65,0,0.0,600416.SH,20190726,5.67,0.0
623,000061.SZ,农 产 品,0,0.0,0,0.0,000061.SZ,20190726,5.3100000000000005,0.0
624,600636.SH,三爱富,0,10.48,0,0.0,600636.SH,20190726,10.51,0.0
625,000402.SZ,金 融 街,0,0.0,0,0.0,000402.SZ,20190726,7.7700000000000005,0.0
626,000559.SZ,万向钱潮,0,0.0,0,0.0,000559.SZ,20190726,5.8500000000000005,0.0
627,000636.SZ,风华高科,0,0.0,0,0.0,000636.SZ,20190726,10.57,0.0
628,000685.SZ,中山公用,0,0.0,0,0.0,000685.SZ,20190726,8.42,0.0
629,000732.SZ,泰禾集团,0,0.0,0,0.0,000732.SZ,20190726,7.0,0.0
630,000822.SZ,山东海化,0,0.0,0,0.0,000822.SZ,20190726,5.08,0.0
631,000960.SZ,锡业股份,0,0.0,0,0.0,000960.SZ,20190726,10.6,0.0
632,002065.SZ,东华软件,0,0.0,0,0.0,002065.SZ,20190726,6.8100000000000005,0.0
633,002127.SZ,南极电商,0,0.0,0,0.0,002127.SZ,20190726,10.74,0.0
634,002405.SZ,四维图新,0,0.0,0,0.0,002405.SZ,20190726,14.9,0.0
635,002423.SZ,中原特钢,0,0.0,0,0.0,002423.SZ,20190726,9.25,0.0
636,002432.SZ,九安医疗,0,0.0,0,0.0,002432.SZ,20190726,5.51,0.0
637,002448.SZ,中原内配,0,0.0,0,0.0,002448.SZ,20190726,5.39,0.0
638,002462.SZ,嘉事堂,0,0.0,0,0.0,002462.SZ,20190726,15.120000000000001,0.0
639,002551.SZ,尚荣医疗,0,0.0,0,0.0,002551.SZ,20190726,4.96,0.0
640,002707.SZ,众信旅游,0,0.0,0,0.0,002707.SZ,20190726,5.8100000000000005,0.0
641,002803.SZ,吉宏股份,0,0.0,0,0.0,002803.SZ,20190726,19.47,0.0
642,002893.SZ,华通热力,0,0.0,0,0.0,002893.SZ,20190726,14.0,0.0
643,300040.SZ,九洲电气,0,0.0,0,0.0,300040.SZ,20190726,5.89,0.0
644,300045.SZ,华力创通,0,0.0,0,0.0,300045.SZ,20190726,8.91,0.0
645,300120.SZ,经纬辉开,0,0.0,0,0.0,300120.SZ,20190726,6.33,0.0
646,300147.SZ,香雪制药,0,0.0,0,0.0,300147.SZ,20190726,6.45,0.0
647,601377.SH,兴业证券,0,6.53,0,0.0,601377.SH,20190726,6.55,0.0
648,600785.SH,新华百货,0,15.75,0,0.0,600785.SH,20190726,15.8,0.0
649,600851.SH,海欣股份,0,7.27,0,0.0,600851.SH,20190726,7.25,-0.0
650,601669.SH,中国电建,0,5.01,0,0.0,601669.SH,20190726,5.0200000000000005,0.0
651,603116.SH,红蜻蜓,0,7.62,0,0.0,603116.SH,20190726,7.65,0.0
652,603444.SH,吉比特,0,210.79,0,0.0,603444.SH,20190726,211.5,0.0
653,603878.SH,武进不锈,0,9.92,0,0.0,603878.SH,20190726,10.03,0.0
654,601919.SH,中远海控,0,4.78,0,0.0,601919.SH,20190726,4.83,0.0
655,300231.SZ,银信科技,0,0.0,0,0.0,300231.SZ,20190726,7.09,0.0
656,300324.SZ,旋极信息,0,0.0,0,0.0,300324.SZ,20190726,5.28,0.0
657,300461.SZ,田中精机,0,0.0,0,0.0,300461.SZ,20190726,20.42,0.0
658,300575.SZ,中旗股份,0,0.0,0,0.0,300575.SZ,20190726,26.95,0.0
659,300616.SZ,尚品宅配,0,0.0,0,0.0,300616.SZ,20190726,77.37,0.0
660,300630.SZ,普利制药,0,0.0,0,0.0,300630.SZ,20190726,45.57,0.0
661,002127.SZ,南极电商,-1,10.52,1200,13.73,002127.SZ,20190726,10.74,-277.7300000000008
662,600306.SH,商业城,-1,6.6,900,6.47,600306.SH,20190726,6.57,20.529999999999426
663,600649.SH,城投控股,-1,6.35,1200,8.29,600649.SH,20190726,6.37,-32.29000000000055
664,600985.SH,淮北矿业,-1,11.23,300,3.67,600985.SH,20190726,11.290000000000001,-21.67000000000015
665,600306.SH,商业城,-1,6.6,200,1.44,600306.SH,20190726,6.57,4.559999999999873
666,600306.SH,商业城,-1,6.6,900,6.47,600306.SH,20190726,6.57,20.529999999999426
667,300630.SZ,普利制药,-1,45.83,200,9.98,300630.SZ,20190726,45.57,42.0199999999996
668,600645.SH,中源协和,-1,16.07,100,1.75,600645.SH,20190726,16.11,-5.749999999999915
669,600739.SH,辽宁成大,-1,13.9,200,3.04,600739.SH,20190726,13.91,-5.039999999999957
670,600685.SH,中船防务,-1,16.19,1100,19.4,600685.SH,20190726,16.25,-85.39999999999858
671,600645.SH,中源协和,-1,16.07,600,10.49,600645.SH,20190726,16.11,-34.48999999999949
672,600685.SH,中船防务,-1,16.19,100,1.76,600685.SH,20190726,16.25,-7.759999999999872
673,300630.SZ,普利制药,-1,45.83,100,4.98,300630.SZ,20190726,45.57,21.0199999999998
674,300630.SZ,普利制药,-1,45.83,1200,59.88,300630.SZ,20190726,45.57,252.11999999999762
675,002322.SZ,理工环科,-1,12.38,300,4.03,002322.SZ,20190726,12.44,-22.029999999999617
676,600089.SH,特变电工,-1,6.99,14000,106.55,600089.SH,20190726,7.0200000000000005,-526.5500000000035
677,603878.SH,武进不锈,-1,9.95,3000,32.5,603878.SH,20190726,10.03,-272.5000000000002
678,600985.SH,淮北矿业,-1,11.23,700,8.56,600985.SH,20190726,11.290000000000001,-50.56000000000035
679,000039.SZ,中集集团,-1,10.25,1200,13.4,000039.SZ,20190726,10.32,-97.40000000000035
680,600685.SH,中船防务,-1,16.19,1400,24.67,600685.SH,20190726,16.25,-108.66999999999821
681,600784.SH,鲁银投资,-1,5.01,1000,5.45,600784.SH,20190726,5.0,4.549999999999787
682,002448.SZ,中原内配,-1,5.37,2900,16.95,002448.SZ,20190726,5.39,-74.94999999999877
683,002448.SZ,中原内配,-1,5.37,300,1.75,002448.SZ,20190726,5.39,-7.749999999999872
684,300045.SZ,华力创通,-1,8.91,100,0.97,300045.SZ,20190726,8.91,-0.97
685,300045.SZ,华力创通,-1,8.91,100,0.97,300045.SZ,20190726,8.91,-0.97
686,300045.SZ,华力创通,-1,8.91,100,0.97,300045.SZ,20190726,8.91,-0.97
687,300045.SZ,华力创通,-1,8.91,100,0.97,300045.SZ,20190726,8.91,-0.97
688,300045.SZ,华力创通,-1,8.91,100,0.97,300045.SZ,20190726,8.91,-0.97
689,300045.SZ,华力创通,-1,8.91,100,0.97,300045.SZ,20190726,8.91,-0.97
690,300045.SZ,华力创通,-1,8.91,100,0.97,300045.SZ,20190726,8.91,-0.97
691,300045.SZ,华力创通,-1,8.91,100,0.97,300045.SZ,20190726,8.91,-0.97
692,000685.SZ,中山公用,-1,8.39,2200,20.1,000685.SZ,20190726,8.42,-86.0999999999986
693,002803.SZ,吉宏股份,-1,19.45,100,2.12,002803.SZ,20190726,19.47,-4.1199999999999575
694,002803.SZ,吉宏股份,-1,19.45,100,2.12,002803.SZ,20190726,19.47,-4.1199999999999575
695,002803.SZ,吉宏股份,-1,19.45,600,12.7,002803.SZ,20190726,19.47,-24.699999999999743
696,000636.SZ,风华高科,-1,10.5,891,10.2,000636.SZ,20190726,10.57,-72.57000000000025
697,600682.SH,南京新百,-1,11.89,10100,130.74,600682.SH,20190726,11.89,-130.74
698,300045.SZ,华力创通,-1,8.91,1200,11.63,300045.SZ,20190726,8.91,-11.63
699,000732.SZ,泰禾集团,-1,6.95,2700,20.44,000732.SZ,20190726,7.0,-155.43999999999951
700,000732.SZ,泰禾集团,-1,6.95,1000,7.57,000732.SZ,20190726,7.0,-57.56999999999982
701,000732.SZ,泰禾集团,-1,6.95,200,1.52,000732.SZ,20190726,7.0,-11.519999999999964
702,000732.SZ,泰禾集团,-1,6.95,600,4.53,000732.SZ,20190726,7.0,-34.529999999999895
703,000402.SZ,金 融 街,-1,7.75,500,4.23,000402.SZ,20190726,7.7700000000000005,-14.230000000000231
704,000402.SZ,金 融 街,-1,7.75,15600,131.63,000402.SZ,20190726,7.7700000000000005,-443.6300000000072
705,000402.SZ,金 融 街,-1,7.75,600,5.06,000402.SZ,20190726,7.7700000000000005,-17.060000000000276
706,002065.SZ,东华软件,-1,6.79,200,1.49,002065.SZ,20190726,6.8100000000000005,-5.490000000000093
707,002065.SZ,东华软件,-1,6.79,100,0.73,002065.SZ,20190726,6.8100000000000005,-2.730000000000046
708,002065.SZ,东华软件,-1,6.79,900,6.65,002065.SZ,20190726,6.8100000000000005,-24.650000000000418
709,603444.SH,吉比特,-1,211.0,200,45.94,603444.SH,20190726,211.5,-145.94
710,002065.SZ,东华软件,-1,6.79,1000,7.4,002065.SZ,20190726,6.8100000000000005,-27.40000000000046
711,002065.SZ,东华软件,-1,6.79,700,5.18,002065.SZ,20190726,6.8100000000000005,-19.180000000000323
712,002065.SZ,东华软件,-1,6.79,1100,8.13,002065.SZ,20190726,6.8100000000000005,-30.130000000000507
713,002065.SZ,东华软件,-1,6.79,1100,8.13,002065.SZ,20190726,6.8100000000000005,-30.130000000000507
714,601377.SH,兴业证券,-1,6.53,1300,9.24,601377.SH,20190726,6.55,-35.23999999999945
715,002432.SZ,九安医疗,-1,5.58,3200,19.45,002432.SZ,20190726,5.51,204.55000000000092
716,002065.SZ,东华软件,-1,6.79,900,6.65,002065.SZ,20190726,6.8100000000000005,-24.650000000000418
717,600784.SH,鲁银投资,-1,5.01,8700,47.45,600784.SH,20190726,5.0,39.54999999999815
718,600064.SH,南京高科,-1,9.74,400,4.25,600064.SH,20190726,9.77,-16.249999999999744
719,601318.SH,中国平安,-1,89.93,300,29.37,601318.SH,20190726,90.10000000000001,-80.37000000000052
720,002405.SZ,四维图新,-1,14.92,650,10.55,002405.SZ,20190726,14.9,2.449999999999722
721,002405.SZ,四维图新,-1,14.92,400,6.5,002405.SZ,20190726,14.9,1.4999999999998295
722,000039.SZ,中集集团,-1,10.25,100,1.12,000039.SZ,20190726,10.32,-8.12000000000003
723,600416.SH,湘电股份,-1,5.69,1400,8.68,600416.SH,20190726,5.67,19.320000000000647
724,002405.SZ,四维图新,-1,14.92,100,1.62,002405.SZ,20190726,14.9,0.37999999999995726
725,002405.SZ,四维图新,-1,14.92,50,0.81,002405.SZ,20190726,14.9,0.18999999999997863
726,002527.SZ,新时达,-1,4.98,3300,17.89,002527.SZ,20190726,4.98,-17.89
727,300120.SZ,经纬辉开,-1,6.32,100,0.68,300120.SZ,20190726,6.33,-1.6799999999999788
728,002627.SZ,宜昌交运,-1,7.15,100,0.77,002627.SZ,20190726,7.140000000000001,0.22999999999997867
729,002627.SZ,宜昌交运,-1,7.15,500,3.89,002627.SZ,20190726,7.140000000000001,1.1099999999998933
730,002627.SZ,宜昌交运,-1,7.15,500,3.89,002627.SZ,20190726,7.140000000000001,1.1099999999998933
731,002627.SZ,宜昌交运,-1,7.15,100,0.77,002627.SZ,20190726,7.140000000000001,0.22999999999997867
732,002627.SZ,宜昌交运,-1,7.15,400,3.12,002627.SZ,20190726,7.140000000000001,0.8799999999999146
733,600699.SH,均胜电子,-1,21.76,400,9.46,600699.SH,20190726,21.830000000000002,-37.460000000000115
734,600699.SH,均胜电子,-1,21.76,100,2.37,600699.SH,20190726,21.830000000000002,-9.37000000000003
735,600785.SH,新华百货,-1,15.74,100,1.71,600785.SH,20190726,15.8,-7.71000000000005
736,600699.SH,均胜电子,-1,21.76,700,16.57,600699.SH,20190726,21.830000000000002,-65.57000000000019
737,600699.SH,均胜电子,-1,21.76,600,14.22,600699.SH,20190726,21.830000000000002,-56.22000000000017
738,300324.SZ,旋极信息,-1,5.29,665,3.83,300324.SZ,20190726,5.28,2.819999999999858
739,300030.SZ,阳普医疗,-1,5.77,3700,23.25,300030.SZ,20190726,5.73,124.74999999999685
740,300120.SZ,经纬辉开,-1,6.32,100,0.68,300120.SZ,20190726,6.33,-1.6799999999999788
741,600699.SH,均胜电子,-1,21.76,300,7.11,600699.SH,20190726,21.830000000000002,-28.110000000000085
742,300120.SZ,经纬辉开,-1,6.32,100,0.68,300120.SZ,20190726,6.33,-1.6799999999999788
743,600416.SH,湘电股份,-1,5.69,3900,24.15,600416.SH,20190726,5.67,53.850000000001806
744,000559.SZ,万向钱潮,-1,5.81,3300,20.86,000559.SZ,20190726,5.8500000000000005,-152.86000000000303
745,600699.SH,均胜电子,-1,21.76,100,2.37,600699.SH,20190726,21.830000000000002,-9.37000000000003
746,600416.SH,湘电股份,-1,5.69,7700,47.7,600416.SH,20190726,5.67,106.30000000000355
747,000559.SZ,万向钱潮,-1,5.81,200,1.26,000559.SZ,20190726,5.8500000000000005,-9.260000000000185
748,600594.SH,益佰制药,-1,4.95,100,0.54,600594.SH,20190726,4.95,-0.54
749,600594.SH,益佰制药,-1,4.95,100,0.54,600594.SH,20190726,4.95,-0.54
750,600699.SH,均胜电子,-1,21.76,400,9.46,600699.SH,20190726,21.830000000000002,-37.460000000000115
751,300120.SZ,经纬辉开,-1,6.32,800,5.51,300120.SZ,20190726,6.33,-13.50999999999983
752,600594.SH,益佰制药,-1,4.95,100,0.54,600594.SH,20190726,4.95,-0.54
753,300120.SZ,经纬辉开,-1,6.32,1000,6.89,300120.SZ,20190726,6.33,-16.889999999999787
754,601555.SH,东吴证券,-1,10.05,100,1.1,601555.SH,20190726,10.08,-4.099999999999936
755,000960.SZ,锡业股份,-1,10.58,1300,14.98,000960.SZ,20190726,10.6,-40.97999999999945
756,600699.SH,均胜电子,-1,21.76,200,4.74,600699.SH,20190726,21.830000000000002,-18.74000000000006
757,601555.SH,东吴证券,-1,10.05,9100,99.57,601555.SH,20190726,10.08,-372.5699999999942
758,300575.SZ,中旗股份,-1,26.85,700,20.48,300575.SZ,20190726,26.95,-90.47999999999851
759,300575.SZ,中旗股份,-1,26.85,500,14.62,300575.SZ,20190726,26.95,-64.61999999999894
760,000559.SZ,万向钱潮,-1,5.81,7900,49.98,000559.SZ,20190726,5.8500000000000005,-365.9800000000073
761,300575.SZ,中旗股份,-1,26.85,1200,35.07,300575.SZ,20190726,26.95,-155.06999999999744
762,600594.SH,益佰制药,-1,4.95,600,3.23,600594.SH,20190726,4.95,-3.23
763,600594.SH,益佰制药,-1,4.95,1800,9.7,600594.SH,20190726,4.95,-9.7
764,600699.SH,均胜电子,-1,21.76,100,2.37,600699.SH,20190726,21.830000000000002,-9.37000000000003
765,300120.SZ,经纬辉开,-1,6.32,1300,8.94,300120.SZ,20190726,6.33,-21.93999999999972
766,300324.SZ,旋极信息,-1,5.29,1735,9.99,300324.SZ,20190726,5.28,7.359999999999632
767,300231.SZ,银信科技,-1,7.01,5600,42.75,300231.SZ,20190726,7.09,-490.7500000000004
768,600699.SH,均胜电子,-1,21.76,400,9.46,600699.SH,20190726,21.830000000000002,-37.460000000000115
769,002091.SZ,江苏国泰,-1,5.35,2400,13.99,002091.SZ,20190726,5.38,-85.99000000000059
770,300461.SZ,田中精机,-1,20.41,1300,28.88,300461.SZ,20190726,20.42,-41.88000000000203
771,601919.SH,中远海控,-1,4.8,400,2.09,601919.SH,20190726,4.83,-14.0900000000001
772,300120.SZ,经纬辉开,-1,6.32,400,2.75,300120.SZ,20190726,6.33,-6.749999999999915
773,601919.SH,中远海控,-1,4.8,3000,15.68,601919.SH,20190726,4.83,-105.68000000000075
774,300120.SZ,经纬辉开,-1,6.32,2300,15.83,300120.SZ,20190726,6.33,-38.82999999999951
775,601919.SH,中远海控,-1,4.8,10000,52.26,601919.SH,20190726,4.83,-352.2600000000025
776,000061.SZ,农 产 品,-1,5.31,5200,30.05,000061.SZ,20190726,5.3100000000000005,-30.05000000000462
777,601919.SH,中远海控,-1,4.8,2500,13.06,601919.SH,20190726,4.83,-88.06000000000063
778,002097.SZ,山河智能,-1,6.05,6000,39.53,002097.SZ,20190726,6.08,-219.53000000000148
779,002097.SZ,山河智能,-1,6.05,1000,6.58,002097.SZ,20190726,6.08,-36.58000000000025
780,600785.SH,新华百货,-1,15.74,200,3.42,600785.SH,20190726,15.8,-15.4200000000001
781,601677.SH,明泰铝业,-1,10.28,700,7.83,601677.SH,20190726,10.27,-0.8300000000001493
782,002097.SZ,山河智能,-1,6.05,500,3.3,002097.SZ,20190726,6.08,-18.300000000000125
783,002097.SZ,山河智能,-1,6.05,3900,25.69,002097.SZ,20190726,6.08,-142.69000000000096
784,002893.SZ,华通热力,-1,13.96,100,1.53,002893.SZ,20190726,14.0,-5.529999999999915
785,002462.SZ,嘉事堂,-1,15.04,1100,18.01,002462.SZ,20190726,15.120000000000001,-106.01000000000204
786,002893.SZ,华通热力,-1,13.96,900,13.67,002893.SZ,20190726,14.0,-49.669999999999234
787,000153.SZ,丰原药业,-1,6.11,1870,12.45,000153.SZ,20190726,6.13,-49.8499999999992
788,601919.SH,中远海控,-1,4.8,700,3.66,601919.SH,20190726,4.83,-24.660000000000174
789,000153.SZ,丰原药业,-1,6.11,2000,13.3,000153.SZ,20190726,6.13,-53.299999999999145
790,000762.SZ,西藏矿业,-1,7.44,1200,9.72,000762.SZ,20190726,7.46,-33.71999999999949
791,300616.SZ,尚品宅配,-1,77.5,300,25.32,300616.SZ,20190726,77.37,13.679999999998635
792,300040.SZ,九洲电气,-1,5.86,2600,16.58,300040.SZ,20190726,5.89,-94.57999999999834
793,002332.SZ,仙琚制药,-1,6.64,900,6.51,002332.SZ,20190726,6.65,-15.510000000000607
794,000762.SZ,西藏矿业,-1,7.44,4000,32.41,000762.SZ,20190726,7.46,-112.40999999999829
795,000153.SZ,丰原药业,-1,6.11,1630,10.85,000153.SZ,20190726,6.13,-43.44999999999931
796,300147.SZ,香雪制药,-1,6.45,1000,7.02,300147.SZ,20190726,6.45,-7.02
797,600785.SH,新华百货,-1,15.74,1000,17.13,600785.SH,20190726,15.8,-77.13000000000049
798,600064.SH,南京高科,-1,9.74,3000,31.8,600064.SH,20190726,9.77,-121.79999999999808
799,002551.SZ,尚荣医疗,-1,4.96,500,2.7,002551.SZ,20190726,4.96,-2.7
800,002551.SZ,尚荣医疗,-1,4.96,2000,10.8,002551.SZ,20190726,4.96,-10.8
801,600985.SH,淮北矿业,-1,11.23,100,1.21,600985.SH,20190726,11.290000000000001,-7.21000000000005
802,600985.SH,淮北矿业,-1,11.23,400,4.89,600985.SH,20190726,11.290000000000001,-28.8900000000002
803,600985.SH,淮北矿业,-1,11.23,100,1.21,600985.SH,20190726,11.290000000000001,-7.21000000000005
804,600985.SH,淮北矿业,-1,11.23,100,1.21,600985.SH,20190726,11.290000000000001,-7.21000000000005
805,600985.SH,淮北矿业,-1,11.23,400,4.89,600985.SH,20190726,11.290000000000001,-28.8900000000002
806,600985.SH,淮北矿业,-1,11.23,200,2.44,600985.SH,20190726,11.290000000000001,-14.440000000000099
807,600985.SH,淮北矿业,-1,11.23,200,2.44,600985.SH,20190726,11.290000000000001,-14.440000000000099
808,600985.SH,淮北矿业,-1,11.23,100,1.21,600985.SH,20190726,11.290000000000001,-7.21000000000005
809,600985.SH,淮北矿业,-1,11.23,100,1.21,600985.SH,20190726,11.290000000000001,-7.21000000000005
810,600985.SH,淮北矿业,-1,11.23,100,1.21,600985.SH,20190726,11.290000000000001,-7.21000000000005
811,600985.SH,淮北矿业,-1,11.23,100,1.21,600985.SH,20190726,11.290000000000001,-7.21000000000005
812,600985.SH,淮北矿业,-1,11.23,100,1.21,600985.SH,20190726,11.290000000000001,-7.21000000000005
813,600985.SH,淮北矿业,-1,11.23,100,1.21,600985.SH,20190726,11.290000000000001,-7.21000000000005
814,600985.SH,淮北矿业,-1,11.23,100,1.21,600985.SH,20190726,11.290000000000001,-7.21000000000005
815,600985.SH,淮北矿业,-1,11.23,100,1.21,600985.SH,20190726,11.290000000000001,-7.21000000000005
816,600985.SH,淮北矿业,-1,11.23,100,1.21,600985.SH,20190726,11.290000000000001,-7.21000000000005
817,002551.SZ,尚荣医疗,-1,4.96,100,0.54,002551.SZ,20190726,4.96,-0.54
818,600191.SH,华资实业,-1,5.69,1900,11.78,600191.SH,20190726,5.68,7.220000000001283
819,600191.SH,华资实业,-1,5.69,2800,17.35,600191.SH,20190726,5.68,10.650000000001889
820,002208.SZ,合肥城建,0,0.0,0,0.0,002208.SZ,20190726,7.75,0.0
821,002707.SZ,众信旅游,0,0.0,0,0.0,002707.SZ,20190726,5.8100000000000005,0.0
822,000701.SZ,厦门信达,0,0.0,0,0.0,000701.SZ,20190726,6.0,0.0
823,600094.SH,大名城,0,7.52,0,0.0,600094.SH,20190726,7.49,-0.0
824,600532.SH,宏达矿业,0,4.8,0,0.0,600532.SH,20190726,4.78,-0.0
825,600675.SH,中华企业,0,5.13,0,0.0,600675.SH,20190726,5.14,0.0
826,600785.SH,新华百货,0,15.74,0,0.0,600785.SH,20190726,15.8,0.0
827,002423.SZ,中原特钢,0,0.0,0,0.0,002423.SZ,20190726,9.25,0.0
828,000158.SZ,常山北明,0,0.0,0,0.0,000158.SZ,20190726,5.33,0.0
829,600739.SH,辽宁成大,0,13.9,0,0.0,600739.SH,20190726,13.91,0.0
830,000822.SZ,山东海化,0,0.0,0,0.0,000822.SZ,20190726,5.08,0.0
831,600418.SH,江淮汽车,0,5.12,0,0.0,600418.SH,20190726,5.21,0.0
832,600787.SH,中储股份,0,5.65,0,0.0,600787.SH,20190726,5.65,0.0
833,600851.SH,海欣股份,0,7.28,0,0.0,600851.SH,20190726,7.25,-0.0
834,601801.SH,皖新传媒,0,5.83,0,0.0,601801.SH,20190726,5.83,0.0
835,600636.SH,三爱富,0,10.55,0,0.0,600636.SH,20190726,10.51,-0.0
836,603116.SH,红蜻蜓,0,7.62,0,0.0,603116.SH,20190726,7.65,0.0
837,601669.SH,中国电建,0,5.01,0,0.0,601669.SH,20190726,5.0200000000000005,0.0
838,000158.SZ,常山北明,-1,5.32,200,1.15,000158.SZ,20190726,5.33,-3.1499999999999573
839,000158.SZ,常山北明,-1,5.32,100,0.58,000158.SZ,20190726,5.33,-1.5799999999999788
840,000158.SZ,常山北明,-1,5.32,200,1.15,000158.SZ,20190726,5.33,-3.1499999999999573
841,000822.SZ,山东海化,-1,5.07,1100,6.07,000822.SZ,20190726,5.08,-17.069999999999766
842,000701.SZ,厦门信达,-1,5.99,4000,26.09,000701.SZ,20190726,6.0,-66.08999999999915
843,002423.SZ,中原特钢,-1,9.11,1300,12.9,002423.SZ,20190726,9.25,-194.90000000000074
844,002423.SZ,中原特钢,-1,9.11,1000,9.91,002423.SZ,20190726,9.25,-149.91000000000057
845,002707.SZ,众信旅游,-1,5.78,9400,59.16,002707.SZ,20190726,5.8100000000000005,-341.16000000000236
846,600739.SH,辽宁成大,-1,13.87,800,12.08,600739.SH,20190726,13.91,-44.08000000000074
847,600739.SH,辽宁成大,-1,13.87,500,7.56,600739.SH,20190726,13.91,-27.56000000000046
848,000158.SZ,常山北明,-1,5.32,100,0.58,000158.SZ,20190726,5.33,-1.5799999999999788
849,000158.SZ,常山北明,-1,5.32,300,1.74,000158.SZ,20190726,5.33,-4.739999999999936
850,000158.SZ,常山北明,-1,5.32,1500,8.69,000158.SZ,20190726,5.33,-23.689999999999678
851,000822.SZ,山东海化,-1,5.07,800,4.42,000822.SZ,20190726,5.08,-12.41999999999983
852,002208.SZ,合肥城建,-1,7.75,4000,33.75,002208.SZ,20190726,7.75,-33.75
853,002423.SZ,中原特钢,-1,9.11,1900,18.85,002423.SZ,20190726,9.25,-284.8500000000011
854,600094.SH,大名城,-1,7.51,8800,71.95,600094.SH,20190726,7.49,104.04999999999625
855,600739.SH,辽宁成大,-1,13.87,100,1.52,600739.SH,20190726,13.91,-5.520000000000092
856,600739.SH,辽宁成大,-1,13.87,800,12.08,600739.SH,20190726,13.91,-44.08000000000074
857,002423.SZ,中原特钢,-1,9.11,300,2.96,002423.SZ,20190726,9.25,-44.96000000000017
858,600739.SH,辽宁成大,-1,13.87,300,4.52,600739.SH,20190726,13.91,-16.520000000000277
859,002423.SZ,中原特钢,-1,9.11,700,6.95,002423.SZ,20190726,9.25,-104.9500000000004
860,600739.SH,辽宁成大,-1,13.87,3000,45.3,600739.SH,20190726,13.91,-165.30000000000277
861,600418.SH,江淮汽车,-1,5.11,4600,25.59,600418.SH,20190726,5.21,-485.5899999999983
862,600532.SH,宏达矿业,-1,4.79,600,3.13,600532.SH,20190726,4.78,2.869999999999872
863,600675.SH,中华企业,-1,5.1,200,1.11,600675.SH,20190726,5.14,-9.110000000000007
864,600675.SH,中华企业,-1,5.1,100,0.55,600675.SH,20190726,5.14,-4.550000000000003
865,600675.SH,中华企业,-1,5.1,100,0.55,600675.SH,20190726,5.14,-4.550000000000003
866,600675.SH,中华企业,-1,5.1,100,0.55,600675.SH,20190726,5.14,-4.550000000000003
867,600675.SH,中华企业,-1,5.1,4200,23.32,600675.SH,20190726,5.14,-191.32000000000014
868,600636.SH,三爱富,-1,10.54,1400,16.08,600636.SH,20190726,10.51,25.919999999999106
869,600636.SH,三爱富,-1,10.54,5000,57.37,600636.SH,20190726,10.51,92.62999999999681
870,601669.SH,中国电建,-1,5.0,4400,23.95,601669.SH,20190726,5.0200000000000005,-111.95000000000203
871,601669.SH,中国电建,-1,5.0,2500,13.61,601669.SH,20190726,5.0200000000000005,-63.61000000000115
872,601669.SH,中国电建,-1,5.0,200,1.09,601669.SH,20190726,5.0200000000000005,-5.090000000000092
873,601669.SH,中国电建,-1,5.0,1000,5.44,601669.SH,20190726,5.0200000000000005,-25.440000000000463
874,601669.SH,中国电建,-1,5.0,6100,33.21,601669.SH,20190726,5.0200000000000005,-155.21000000000282
875,601669.SH,中国电建,-1,5.0,500,2.72,601669.SH,20190726,5.0200000000000005,-12.720000000000232
876,601669.SH,中国电建,-1,5.0,5000,27.22,601669.SH,20190726,5.0200000000000005,-127.2200000000023
877,601669.SH,中国电建,-1,5.0,400,2.18,601669.SH,20190726,5.0200000000000005,-10.180000000000184
878,601669.SH,中国电建,-1,5.0,1000,5.44,601669.SH,20190726,5.0200000000000005,-25.440000000000463
879,601669.SH,中国电建,-1,5.0,600,3.27,601669.SH,20190726,5.0200000000000005,-15.270000000000277
880,601669.SH,中国电建,-1,5.0,2200,11.98,601669.SH,20190726,5.0200000000000005,-55.98000000000101
881,601669.SH,中国电建,-1,5.0,2400,13.06,601669.SH,20190726,5.0200000000000005,-61.06000000000111
882,600785.SH,新华百货,-1,15.73,200,3.42,600785.SH,20190726,15.8,-17.42000000000006
883,600785.SH,新华百货,-1,15.73,500,8.57,600785.SH,20190726,15.8,-43.57000000000014
884,600785.SH,新华百货,-1,15.73,100,1.71,600785.SH,20190726,15.8,-8.71000000000003
885,600787.SH,中储股份,-1,5.64,800,4.91,600787.SH,20190726,5.65,-12.91000000000054
886,600787.SH,中储股份,-1,5.64,900,5.53,600787.SH,20190726,5.65,-14.530000000000609
887,600787.SH,中储股份,-1,5.64,700,4.3,600787.SH,20190726,5.65,-11.300000000000473
888,600787.SH,中储股份,-1,5.64,2200,13.51,600787.SH,20190726,5.65,-35.51000000000148
889,600851.SH,海欣股份,-1,7.27,500,3.96,600851.SH,20190726,7.25,6.039999999999787
890,601801.SH,皖新传媒,-1,5.81,6500,41.13,601801.SH,20190726,5.83,-171.130000000003
891,603116.SH,红蜻蜓,-1,7.61,2100,17.4,603116.SH,20190726,7.65,-101.40000000000006
892,603116.SH,红蜻蜓,-1,7.61,400,3.31,603116.SH,20190726,7.65,-19.310000000000013
893,600532.SH,宏达矿业,-1,4.79,800,4.18,600532.SH,20190726,4.78,3.8199999999998298
894,600675.SH,中华企业,-1,5.1,1500,8.32,600675.SH,20190726,5.14,-68.32000000000005
895,600675.SH,中华企业,-1,5.1,2500,13.89,600675.SH,20190726,5.14,-113.89000000000009
896,600787.SH,中储股份,-1,5.64,1000,6.13,600787.SH,20190726,5.65,-16.130000000000674
897,600787.SH,中储股份,-1,5.64,400,2.47,600787.SH,20190726,5.65,-6.470000000000271
898,600785.SH,新华百货,-1,15.73,100,1.71,600785.SH,20190726,15.8,-8.71000000000003
899,603116.SH,红蜻蜓,-1,7.61,100,0.84,603116.SH,20190726,7.65,-4.840000000000003
900,603116.SH,红蜻蜓,-1,7.61,1500,12.44,603116.SH,20190726,7.65,-72.44000000000005
901,603116.SH,红蜻蜓,-1,7.61,3200,26.52,603116.SH,20190726,7.65,-154.52000000000012
902,600851.SH,海欣股份,-1,7.27,3200,25.33,600851.SH,20190726,7.25,38.66999999999864
903,002423.SZ,中原特钢,-1,9.11,900,8.92,002423.SZ,20190726,9.25,-134.9200000000005
904,002423.SZ,中原特钢,-1,9.11,500,4.96,002423.SZ,20190726,9.25,-74.96000000000028
905,600636.SH,三爱富,-1,10.54,1000,11.47,600636.SH,20190726,10.51,18.52999999999936
906,600636.SH,三爱富,-1,10.54,1000,11.47,600636.SH,20190726,10.51,18.52999999999936
907,603116.SH,红蜻蜓,-1,7.6,40,0.33,603116.SH,20190726,7.65,-2.3300000000000285
908,002627.SZ,宜昌交运,-1,7.15,30,0.22,002627.SZ,20190726,7.140000000000001,0.0799999999999936
909,300120.SZ,经纬辉开,-1,6.31,30,0.2,300120.SZ,20190726,6.33,-0.8000000000000138
910,600636.SH,三爱富,-1,10.54,1000,11.47,600636.SH,20190726,10.51,18.52999999999936
911,600636.SH,三爱富,0,10.54,0,0.0,600636.SH,20190726,10.51,-0.0
912,600636.SH,三爱富,-1,10.52,3000,34.36,600636.SH,20190726,10.51,-4.360000000000639
913,600636.SH,三爱富,-1,10.52,1000,11.45,600636.SH,20190726,10.51,-1.4500000000002125
914,600636.SH,三爱富,-1,10.52,3800,43.53,600636.SH,20190726,10.51,-5.530000000000811
915,600636.SH,三爱富,-1,10.52,200,2.28,600636.SH,20190726,10.51,-0.28000000000004244
916,600636.SH,三爱富,-1,10.52,1000,11.45,600636.SH,20190726,10.51,-1.4500000000002125
917,600636.SH,三爱富,-1,10.52,7400,84.76,600636.SH,20190726,10.51,-10.760000000001583
918,511880.SH,银华日利,1,101.59899999999999,200,0.0,,,101.6,0.20000000000095497
919,511880.SH,银华日利,1,101.59899999999999,200,0.0,,,101.6,0.20000000000095497
920,511880.SH,银华日利,1,101.59899999999999,300,0.0,,,101.6,0.30000000000143245
921,511880.SH,银华日利,1,101.59899999999999,100,0.0,,,101.6,0.10000000000047748
922,511880.SH,银华日利,1,101.59899999999999,6600,0.0,,,101.6,6.600000000031514
923,511880.SH,银华日利,1,101.59899999999999,54290,0.0,,,101.6,54.29000000025923
924,511880.SH,银华日利,1,101.59899999999999,2500,0.0,,,101.6,2.500000000011937
925,511880.SH,银华日利,1,101.59899999999999,5000,0.0,,,101.6,5.000000000023874
926,511880.SH,银华日利,1,101.59899999999999,10300,0.0,,,101.6,10.300000000049181
927,511880.SH,银华日利,1,101.59899999999999,8200,0.0,,,101.6,8.200000000039154
928,511880.SH,银华日利,1,101.59899999999999,12310,0.0,,,101.6,12.310000000058778
